nuts3_id,name,country,lat,lon,score_species,score_climate,score_disease,score_observations,score_water,total_score,risk_class,gbif_observations,mosquito_alert_obs,population_density,water_pct,water_bodies_count
AL011,Dibër,AL,41.61,20.25,5,18,7,2,2,34,B,4,0,,0.47,1
AL012,Durrës,AL,41.45,19.63,16,19,7,8,2,52,C,65,11,,0.41,2
AL013,Kukës,AL,42.19,20.24,5,18,7,2,7,39,B,3,0,,3.98,1
AL014,Lezhë,AL,41.79,19.84,9,18,7,5,1,40,C,13,8,,0.23,2
AL015,Shkodër,AL,42.17,19.72,9,18,7,3,10,47,C,12,2,,7.26,6
AL021,Elbasan,AL,41.06,20.19,5,15,7,3,1,31,B,9,0,,0.21,4
AL022,Tiranë,AL,41.27,19.8,22,18,7,5,1,53,C,222,64,,0.04,1
AL031,Berat,AL,40.63,20.11,5,18,7,3,1,34,B,6,5,,0.0,1
AL032,Fier,AL,40.76,19.62,19,19,7,11,4,60,D,189,9,,1.04,6
AL033,Gjirokastër,AL,40.21,20.17,5,11,7,3,3,29,B,7,0,,,
AL034,Korcë,AL,40.63,20.67,5,12,7,3,5,32,B,3,4,,2.49,3
AL035,Vlorë,AL,40.15,19.82,22,18,7,14,2,63,D,244,24,,0.75,3
AT111,Mittelburgenland,AT,47.51,16.48,12,18,10,5,3,48,C,22,12,54.4,,
AT112,Nordburgenland,AT,47.86,16.77,12,20,10,8,11,61,D,46,116,100.8,8.01,5
AT113,Südburgenland,AT,47.17,16.24,5,19,10,5,3,42,C,6,38,67.9,,
AT121,Mostviertel-Eisenwurzen,AT,48.06,15.01,12,18,10,5,1,46,C,43,91,75.9,0.05,2
AT122,Niederösterreich-Süd,AT,47.8,15.91,12,17,10,8,3,50,C,26,156,79.7,,
AT123,Sankt Pölten,AT,48.16,15.64,12,18,10,5,1,46,C,23,57,132.8,0.15,2
AT124,Waldviertel,AT,48.64,15.31,16,18,9,5,2,50,C,68,73,47.5,0.24,7
AT125,Weinviertel,AT,48.63,16.36,12,18,10,8,3,51,C,48,38,53.4,,
AT126,Wiener Umland/Nordteil,AT,48.34,16.35,19,19,10,14,3,65,D,127,697,129.5,0.7,8
AT127,Wiener Umland/Südteil,AT,48.05,16.44,16,19,11,11,3,60,D,74,381,245.9,1.04,3
AT130,Wien,AT,48.2,16.38,22,19,13,19,3,76,E,362,3744,5035.2,,
AT211,Klagenfurt-Villach,AT,46.61,14.0,12,19,10,8,5,54,C,46,175,151.8,1.31,7
AT212,Oberkärnten,AT,46.84,13.35,12,16,9,5,2,44,C,24,31,30.5,0.64,4
AT213,Unterkärnten,AT,46.79,14.57,12,18,9,5,1,45,C,22,60,44.4,0.24,2
AT221,Graz,AT,47.13,15.39,22,18,11,19,3,73,D,414,7064,386.7,,
AT222,Liezen,AT,47.52,14.21,9,14,9,5,1,38,B,18,19,24.3,0.16,3
AT223,Östliche Obersteiermark,AT,47.53,15.23,12,18,9,5,3,47,C,23,79,49.5,,
AT224,Oststeiermark,AT,47.16,15.82,12,19,10,8,3,52,C,34,137,81.8,,
AT225,West- und Südsteiermark,AT,46.87,15.27,12,18,10,11,3,54,C,39,269,88.4,,
AT226,Westliche Obersteiermark,AT,47.19,14.42,12,15,9,5,3,44,C,22,23,32.5,,
AT311,Innviertel,AT,48.25,13.42,9,18,10,5,2,44,C,17,89,107.0,0.34,2
AT312,Linz-Wels,AT,48.23,14.16,22,19,11,14,1,67,D,212,669,360.0,0.05,1
AT313,Mühlviertel,AT,48.45,14.41,12,16,10,8,1,47,C,21,122,81.5,0.0,1
AT314,Steyr-Kirchdorf,AT,47.86,14.34,12,18,10,8,1,49,C,45,43,71.5,0.02,1
AT315,Traunviertel,AT,47.85,13.67,9,16,10,8,7,50,C,17,113,102.4,3.46,7
AT321,Lungau,AT,47.14,13.66,12,15,9,5,3,44,C,20,0,20.2,,
AT322,Pinzgau-Pongau,AT,47.3,12.91,12,13,9,8,1,43,C,41,40,39.7,0.15,3
AT323,Salzburg und Umgebung,AT,47.75,13.21,16,13,11,8,6,54,C,66,136,223.4,1.58,11
AT331,Außerfern,AT,47.37,10.57,12,13,9,5,2,41,C,24,8,27.8,0.48,4
AT332,Innsbruck,AT,47.2,11.34,12,11,10,11,3,47,C,26,319,152.6,,
AT333,Osttirol,AT,46.91,12.52,12,13,9,5,3,42,C,23,6,24.4,,
AT334,Tiroler Oberland,AT,47.06,10.71,12,13,9,5,3,42,C,23,84,32.7,,
AT335,Tiroler Unterland,AT,47.39,12.02,12,14,10,8,1,45,C,39,186,67.9,0.18,2
AT341,Bludenz-Bregenzer Wald,AT,47.18,9.96,12,12,10,5,1,40,C,20,17,51.1,0.04,1
AT342,Rheintal-Bodenseegebiet,AT,47.39,9.73,12,18,11,8,9,58,D,20,154,462.4,7.41,1
BE100,Arr. de Bruxelles-Capitale/Arr. Brussel-Hoofdstad,BE,50.84,4.39,3,17,10,3,3,36,B,2,21,7770.2,,
BE211,Arr. Antwerpen,BE,51.28,4.5,9,17,9,5,5,45,C,13,42,1132.1,2.02,1
BE212,Arr. Mechelen,BE,51.07,4.53,0,17,8,2,1,28,B,0,6,718.7,0.07,1
BE213,Arr. Turnhout,BE,51.25,4.95,12,17,7,8,1,45,C,47,40,356.1,0.07,1
BE223,Arr. Tongeren,BE,50.83,5.51,0,17,7,5,3,32,B,0,36,334.3,,
BE224,Arr. Hasselt,BE,50.95,5.28,3,17,5,3,3,31,B,1,15,,,
BE225,Arr. Maaseik,BE,51.13,5.51,0,17,5,2,3,27,B,0,5,,,
BE231,Arr. Aalst,BE,50.87,3.94,0,17,8,0,3,28,B,0,0,642.3,,
BE232,Arr. Dendermonde,BE,51.03,4.04,0,17,8,0,1,26,B,0,0,610.8,0.2,1
BE233,Arr. Eeklo,BE,51.23,3.57,0,17,7,0,3,27,B,0,0,267.2,,
BE234,Arr. Gent,BE,51.06,3.66,12,17,8,5,2,44,C,40,9,613.7,0.25,4
BE235,Arr. Oudenaarde,BE,50.82,3.65,0,17,7,2,3,29,B,0,1,302.3,,
BE236,Arr. Sint-Niklaas,BE,51.2,4.15,16,17,8,8,3,52,C,65,4,573.3,1.03,1
BE241,Arr. Halle-Vilvoorde,BE,50.86,4.27,0,17,8,2,3,30,B,0,7,705.1,,
BE242,Arr. Leuven,BE,50.9,4.85,5,17,7,3,3,35,B,3,13,450.0,,
BE251,Arr. Brugge,BE,51.2,3.23,0,16,7,2,1,26,B,0,9,439.9,0.08,1
BE252,Arr. Diksmuide,BE,51.03,2.9,3,17,6,2,1,29,B,1,0,144.3,0.23,1
BE253,Arr. Ieper,BE,50.85,2.85,0,17,6,2,3,28,B,0,1,195.9,,
BE254,Arr. Kortrijk,BE,50.82,3.31,12,17,8,8,3,48,C,49,2,742.2,,
BE255,Arr. Oostende,BE,51.18,2.96,0,17,8,2,1,28,B,0,2,547.9,0.19,1
BE256,Arr. Roeselare,BE,50.94,3.12,0,17,8,2,3,30,B,0,1,580.3,,
BE257,Arr. Tielt,BE,51.0,3.3,0,17,7,2,3,29,B,0,2,287.8,,
BE258,Arr. Veurne,BE,51.04,2.68,0,17,7,2,3,29,B,0,2,223.8,,
BE310,Arr. Nivelles,BE,50.67,4.58,12,16,7,8,3,46,C,49,2,378.0,,
BE323,Arr. Mons,BE,50.44,3.87,12,17,7,5,1,42,C,45,1,447.0,0.1,1
BE328,Arr. Tournai-Mouscron,BE,50.63,3.4,0,17,5,2,1,25,B,0,1,,0.09,1
BE329,Arr. La Louvière,BE,50.42,4.15,0,17,5,0,3,25,B,0,0,,,
BE32A,Arr. Ath,BE,50.64,3.79,3,17,5,2,3,30,B,1,1,,,
BE32B,Arr. Charleroi,BE,50.45,4.45,0,16,5,2,3,26,B,0,3,,,
BE32C,Arr. Soignies,BE,50.56,4.14,0,16,5,0,3,24,A,0,0,,,
BE32D,Arr. Thuin,BE,50.18,4.28,0,15,5,2,1,23,A,0,1,,0.22,2
BE331,Arr. Huy,BE,50.49,5.36,0,16,6,0,3,25,B,0,0,176.5,,
XK001,Prishtinë,XK,42.72,21.15,0,16,2,0,1,19,A,0,0,,0.11,1
XK002,Mitrovicë,XK,42.94,20.82,0,16,2,0,3,21,A,0,0,,,
XK003,Pejë,XK,42.67,20.39,0,16,2,0,3,21,A,0,0,,,
XK004,Prizren,XK,42.18,20.74,0,13,2,0,3,18,A,0,0,,,
XK005,Ferizaj,XK,42.29,21.13,0,18,2,0,3,23,A,0,0,,,
XK006,Gjilan,XK,42.5,21.49,0,17,2,0,3,22,A,0,0,,,
XK007,Gjakovë,XK,42.43,20.5,0,16,2,0,3,21,A,0,0,,,
DE914,Gifhorn,DE,52.58,10.6,0,17,15,2,3,37,B,0,2,112.1,,
DE916,Goslar,DE,51.88,10.39,0,14,15,0,4,33,B,0,0,133.2,1.09,9
DE917,Helmstedt,DE,52.26,10.88,0,17,15,2,3,37,B,0,1,134.8,,
DE918,Northeim,DE,51.74,9.84,0,17,15,0,3,35,B,0,0,99.9,,
DE91A,Peine,DE,52.3,10.26,0,17,16,2,3,38,B,0,1,257.2,,
DE91B,Wolfenbüttel,DE,52.13,10.59,0,17,15,0,1,33,B,0,0,163.8,0.04,1
DE91C,Göttingen,DE,51.56,10.08,3,17,15,2,2,39,B,2,0,187.6,0.28,4
DE922,Diepholz,DE,52.73,8.7,0,17,15,2,2,36,B,0,1,111.5,0.61,1
DE923,Hameln-Pyrmont,DE,52.1,9.39,0,17,15,2,3,37,B,0,1,189.5,,
DE925,Hildesheim,DE,52.09,9.93,0,17,16,2,3,38,B,0,1,222.7,,
DE926,Holzminden,DE,51.88,9.54,0,16,15,0,3,34,B,0,0,95.5,,
DE927,Nienburg (Weser),DE,52.61,9.12,0,17,15,2,3,37,B,0,2,87.5,,
DE928,Schaumburg,DE,52.3,9.2,3,17,16,2,1,39,B,1,1,233.1,0.09,1
DE929,Region Hannover,DE,52.43,9.74,0,17,17,2,3,39,B,0,7,502.5,1.2,2
DE931,Celle,DE,52.73,10.11,0,17,15,2,2,36,B,0,5,111.6,0.33,2
DE932,Cuxhaven,DE,53.61,8.82,0,16,15,2,3,36,B,0,2,97.7,0.5,6
DE933,Harburg,DE,53.31,9.97,0,16,16,2,2,36,B,0,7,213.0,0.47,1
DE934,Lüchow-Dannenberg,DE,53.02,11.12,0,17,14,0,4,35,B,0,0,38.5,1.25,1
DE935,"Lüneburg, Landkreis",DE,53.23,10.57,0,17,15,2,3,37,B,0,2,136.0,1.15,1
DE936,Osterholz,DE,53.25,8.8,3,17,15,2,2,39,B,1,0,176.1,0.7,1
DE937,Rotenburg (Wümme),DE,53.25,9.31,0,17,15,2,3,37,B,0,1,79.7,,
DE938,Heidekreis,DE,52.93,9.77,3,17,15,2,3,40,C,1,0,75.9,,
DE939,Stade,DE,53.56,9.43,0,17,15,2,3,37,B,0,2,174.3,,
DE93A,Uelzen,DE,52.98,10.55,0,17,15,2,3,37,B,0,1,62.5,,
DE93B,Verden,DE,52.97,9.18,0,17,15,2,3,37,B,0,2,176.1,,
DE941,"Delmenhorst, Kreisfreie Stadt",DE,53.06,8.66,0,17,18,2,3,40,C,0,1,1313.7,,
DE942,"Emden, Kreisfreie Stadt",DE,53.36,7.17,0,16,16,0,3,35,B,0,0,455.3,0.87,1
DE943,"Oldenburg (Oldenburg), Kreisfreie Stadt",DE,53.14,8.23,0,17,18,0,3,38,B,0,0,1719.1,,
DE944,"Osnabrück, Kreisfreie Stadt",DE,52.28,8.04,0,17,18,0,3,38,B,0,0,1380.9,,
DE945,"Wilhelmshaven, Kreisfreie Stadt",DE,53.57,8.09,0,16,17,2,3,38,B,0,1,730.1,,
DE946,Ammerland,DE,53.22,8.01,0,16,15,0,2,33,B,0,0,175.2,0.65,1
DE947,Aurich,DE,53.49,7.38,0,16,15,2,2,35,B,0,1,147.5,0.6,3
DE948,Cloppenburg,DE,52.9,7.91,3,17,15,2,1,38,B,1,0,124.4,0.11,2
DE949,Emsland,DE,52.74,7.4,0,17,15,2,3,37,B,0,4,115.9,,
DE94A,Friesland (DE),DE,53.52,7.98,0,16,15,0,3,34,B,0,0,165.5,,
DE94B,Grafschaft Bentheim,DE,52.47,7.02,0,17,15,2,3,37,B,0,7,146.6,,
FRK27,Savoie,FR,45.48,6.45,12,12,14,5,4,47,C,36,12,72.6,0.79,5
FRK28,Haute-Savoie,FR,46.05,6.43,9,13,14,5,7,48,C,13,7,188.2,3.57,2
FRL01,Alpes-de-Haute-Provence,FR,44.1,6.25,9,17,13,5,4,48,C,14,8,24.2,0.46,11
FRL02,Hautes-Alpes ,FR,44.66,6.27,3,11,13,2,4,33,B,2,0,25.0,0.76,5
FRL03,Alpes-Maritimes,FR,43.93,7.12,12,21,15,5,3,56,D,35,62,261.6,,
FRL04,Bouches-du-Rhône,FR,43.54,5.09,16,18,15,8,12,69,D,61,24,437.8,6.82,27
FRL05,Var,FR,43.44,6.25,12,18,14,5,1,50,C,44,59,186.9,0.07,2
FRL06,Vaucluse,FR,44.01,5.17,12,17,14,5,2,50,C,24,17,160.7,0.74,3
FRM01,Corse-du-Sud,FR,41.85,9.0,5,19,13,3,3,43,C,4,9,42.2,,
FRM02,Haute-Corse,FR,42.39,9.2,9,18,13,5,1,46,C,17,3,39.9,0.21,3
FRY10,Guadeloupe,FR,16.24,-61.59,0,22,15,2,3,42,C,0,1,246.0,,
FRY20,Martinique ,FR,14.62,-61.02,0,22,15,2,3,42,C,0,2,325.2,,
FRY30,Guyane,FR,3.93,-53.24,0,22,13,2,3,40,C,0,1,3.5,,
FRY40,La Réunion,FR,-21.13,55.53,0,13,15,2,3,33,B,0,2,358.9,,
FRY50,Mayotte ,FR,-12.81,45.14,0,18,16,0,3,37,B,0,0,863.7,,
HR021,Bjelovarsko-bilogorska županija,HR,45.74,16.99,5,20,5,3,1,34,B,6,0,38.2,0.23,3
HR022,Virovitičko-podravska županija,HR,45.73,17.62,3,19,5,2,2,31,B,1,0,34.2,0.57,2
HR023,Požeško-slavonska županija,HR,45.41,17.57,9,19,5,3,3,39,B,11,0,34.2,,
HR024,Brodsko-posavska županija,HR,45.2,17.78,5,20,6,3,2,36,B,9,2,64.3,0.54,4
HR025,Osječko-baranjska županija,HR,45.56,18.46,9,19,6,5,7,46,C,13,12,62.5,1.6,29
HR026,Vukovarsko-srijemska županija,HR,45.18,18.9,5,18,6,3,5,37,B,8,2,58.2,1.6,7
HR027,Karlovačka županija,HR,45.29,15.48,5,21,5,3,1,35,B,9,2,30.7,0.04,1
HR028,Sisačko-moslavačka županija,HR,45.36,16.45,5,20,5,3,1,34,B,9,5,30.8,0.03,1
HR031,Primorsko-goranska županija,HR,45.23,14.64,12,18,6,8,1,45,C,46,37,74.1,0.15,2
HR032,Ličko-senjska županija,HR,44.69,15.41,3,18,5,3,2,31,B,1,8,8.0,0.31,3
RO313,Dâmboviţa,RO,44.87,25.49,3,18,11,2,1,35,B,1,3,118.6,0.19,1
RO314,Giurgiu,RO,44.15,25.89,5,16,11,3,3,38,B,4,3,75.0,1.07,1
RO315,Ialomiţa,RO,44.64,27.24,3,18,11,2,6,40,C,1,1,57.4,1.72,11
RO316,Prahova,RO,45.11,26.02,5,18,11,3,3,40,C,5,4,147.4,,
RO317,Teleorman,RO,44.03,25.2,3,14,11,2,6,36,B,1,3,55.8,1.9,9
RO321,Bucureşti,RO,44.44,26.09,16,16,14,8,1,55,D,66,33,7461.2,0.12,1
RO322,Ilfov,RO,44.52,26.15,5,17,11,3,2,38,B,8,7,377.1,0.64,4
RO411,Dolj,RO,44.14,23.62,5,12,11,3,8,39,B,5,9,82.3,2.75,16
RO412,Gorj,RO,45.01,23.32,3,18,11,2,3,37,B,1,2,56.0,,
RO413,Mehedinţi,RO,44.59,22.78,5,17,10,2,6,40,C,3,0,47.9,2.11,7
RO414,Olt,RO,44.27,24.44,3,12,11,2,5,33,B,1,2,70.4,1.64,6
RO415,Vâlcea,RO,45.1,24.11,3,18,11,2,3,37,B,1,4,60.0,,
RO421,Arad,RO,46.27,21.76,3,18,11,2,1,35,B,1,6,53.3,0.01,1
RO422,Caraş-Severin,RO,45.15,22.04,3,12,10,2,2,29,B,1,5,28.9,0.6,2
RO423,Hunedoara,RO,45.76,22.93,3,18,11,2,1,35,B,1,2,50.6,0.02,1
RO424,Timiş,RO,45.74,21.39,9,18,11,3,3,44,C,10,7,76.5,,
RS110,Београдска област,RS,44.65,20.42,19,18,7,5,6,55,D,105,82,,2.65,1
RS121,Западнобачка област,RS,45.72,19.21,5,17,7,3,4,36,B,6,6,,1.02,6
RS122,Јужнобанатска област,RS,45.0,20.99,5,18,7,2,3,35,B,4,1,,1.1,2
RS123,Јужнобачка област,RS,45.41,19.74,22,17,7,5,5,56,D,563,68,,1.85,3
RS124,Севернобанатска област,RS,45.9,20.19,3,17,7,2,1,30,B,1,3,,0.02,1
RS125,Севернобачка област,RS,45.92,19.62,3,17,7,3,2,32,B,1,8,,0.5,2
RS126,Средњобанатска област,RS,45.45,20.51,3,17,7,2,3,32,B,1,2,,0.66,6
RS127,Сремска област,RS,44.99,19.75,9,18,7,5,5,44,C,17,29,,2.11,1
RS211,Златиборска област,RS,43.61,19.79,3,15,7,2,1,28,B,1,1,,0.16,2
RS212,Колубарска област,RS,44.31,19.95,5,19,7,2,3,36,B,3,1,,,
RS213,Мачванска област,RS,44.55,19.51,19,19,7,11,3,59,D,111,5,,0.91,1
RS214,Моравичка област,RS,43.79,20.3,5,20,7,2,3,37,B,3,2,,,
DE94C,Leer,DE,53.25,7.47,0,16,15,2,3,36,B,0,4,158.6,0.93,2
DE94D,"Oldenburg, Landkreis",DE,52.99,8.39,0,17,15,2,1,35,B,0,1,123.8,0.13,1
DE94E,"Osnabrück, Landkreis",DE,52.38,8.05,0,17,15,2,1,35,B,0,2,168.1,0.06,1
DE94F,Vechta,DE,52.66,8.22,0,17,15,2,3,37,B,0,1,179.3,,
DE94G,Wesermarsch,DE,53.35,8.38,0,16,15,0,2,33,B,0,0,110.7,0.53,1
DE94H,Wittmund,DE,53.56,7.73,0,16,15,2,3,36,B,0,1,85.5,,
DEA11,"Düsseldorf, Kreisfreie Stadt",DE,51.24,6.81,3,18,18,2,8,49,C,1,1,2987.2,4.79,1
DEA12,"Duisburg, Kreisfreie Stadt",DE,51.43,6.74,0,18,18,2,8,46,C,0,2,2347.8,5.66,2
DEA13,"Essen, Kreisfreie Stadt",DE,51.44,7.02,3,18,18,2,3,44,C,1,5,2768.9,0.91,1
DEA14,"Krefeld, Kreisfreie Stadt",DE,51.35,6.6,0,18,18,0,4,40,C,0,0,1706.5,1.59,1
DEA15,"Mönchengladbach, Kreisfreie Stadt",DE,51.18,6.41,0,18,18,2,3,41,C,0,1,1573.5,,
DEA16,"Mülheim an der Ruhr, Kreisfreie Stadt",DE,51.42,6.87,0,18,18,2,3,41,C,0,1,1895.3,,
DEA17,"Oberhausen, Kreisfreie Stadt",DE,51.51,6.85,0,18,18,0,3,39,B,0,0,2771.2,,
DEA18,"Remscheid, Kreisfreie Stadt",DE,51.18,7.22,0,16,18,0,3,37,B,0,0,1539.1,,
DEA19,"Solingen, Kreisfreie Stadt",DE,51.16,7.07,0,17,18,0,3,38,B,0,0,1840.6,,
DEA1A,"Wuppertal, Kreisfreie Stadt",DE,51.24,7.16,0,16,18,2,3,39,B,0,1,2134.4,,
DEA1B,Kleve,DE,51.66,6.25,0,18,16,5,4,43,C,0,37,264.5,1.54,3
DEA1C,Mettmann,DE,51.25,6.97,0,17,18,2,2,39,B,0,1,1214.6,0.71,2
DEA1D,Rhein-Kreis Neuss,DE,51.16,6.64,3,18,17,2,3,43,C,1,3,806.7,1.03,1
DEA1E,Viersen,DE,51.29,6.34,3,18,17,2,1,41,C,1,4,530.3,0.22,2
DEA1F,Wesel,DE,51.62,6.63,3,18,16,2,4,43,C,1,4,454.4,1.61,3
DEA22,"Bonn, Kreisfreie Stadt",DE,50.71,7.1,5,18,18,2,7,50,C,3,3,2367.3,3.72,1
DEA23,"Köln, Kreisfreie Stadt",DE,50.96,6.97,5,18,18,3,6,50,C,5,7,2636.2,3.01,1
DEA24,"Leverkusen, Kreisfreie Stadt",DE,51.06,7.01,0,18,18,0,2,38,B,0,0,2204.1,0.61,1
DEA26,Düren,DE,50.82,6.46,0,17,16,2,3,38,B,0,8,297.2,0.92,4
DEA27,Rhein-Erft-Kreis,DE,50.92,6.72,3,18,17,2,1,41,C,2,0,678.6,0.06,1
DEA28,Euskirchen,DE,50.53,6.64,0,15,15,0,2,32,B,0,0,161.2,0.36,4
DEA29,Heinsberg,DE,51.05,6.18,0,18,16,2,3,39,B,0,5,418.0,,
DEA2A,Oberbergischer Kreis,DE,51.02,7.51,0,16,16,2,5,39,B,0,3,300.9,1.3,7
DEA2B,Rheinisch-Bergischer Kreis,DE,51.02,7.19,0,17,17,2,2,38,B,0,5,654.3,0.4,2
DEA2C,Rhein-Sieg-Kreis,DE,50.76,7.22,0,18,17,2,3,40,C,0,7,528.1,1.06,2
DEA2D,Städteregion Aachen,DE,50.73,6.22,12,16,17,5,2,52,C,40,8,828.2,0.44,2
DEA31,"Bottrop, Kreisfreie Stadt",DE,51.56,6.92,0,18,18,0,3,39,B,0,0,1186.2,,
DEA32,"Gelsenkirchen, Kreisfreie Stadt",DE,51.54,7.08,0,18,18,0,3,39,B,0,0,2533.0,,
DEA33,"Münster, Kreisfreie Stadt",DE,51.94,7.63,0,17,18,2,3,40,C,0,1,1013.7,,
DEA34,Borken,DE,51.97,6.92,3,17,16,5,3,44,C,1,48,266.7,,
DEA35,Coesfeld,DE,51.86,7.38,3,17,16,2,1,39,B,1,0,203.0,0.07,2
DEA36,Recklinghausen,DE,51.67,7.15,0,18,17,2,2,39,B,0,3,826.6,0.35,2
DEA37,Steinfurt,DE,52.21,7.59,0,17,16,2,3,38,B,0,1,249.9,,
HR033,Zadarska županija,HR,44.2,15.62,5,20,5,5,4,39,B,4,23,45.0,1.65,3
HR034,Šibensko-kninska županija,HR,43.88,16.03,5,18,5,3,3,34,B,4,14,32.5,1.11,4
HR035,Splitsko-dalmatinska županija,HR,43.49,16.7,12,16,6,5,2,41,C,23,19,94.4,0.53,2
HR036,Istarska županija,HR,45.21,13.9,16,20,6,5,3,50,C,61,52,71.0,,
HR037,Dubrovačko-neretvanska županija,HR,42.85,17.71,5,18,6,3,1,33,B,4,4,65.6,0.2,4
HR050,Grad Zagreb,HR,45.81,16.0,22,20,5,17,2,66,D,1106,34,,0.66,4
HR061,Međimurska županija,HR,46.41,16.52,9,21,5,3,3,41,C,11,0,,,
HR062,Varaždinska županija,HR,46.25,16.29,5,20,5,3,3,36,B,8,3,,,
HR063,Koprivničko-križevačka županija,HR,46.1,16.83,5,20,5,3,2,35,B,6,2,,0.3,2
HR064,Krapinsko-zagorska županija,HR,46.09,15.93,5,21,5,3,3,37,B,7,1,,,
HR065,Zagrebačka županija,HR,45.76,16.05,16,21,5,8,2,52,C,82,3,,0.49,3
HU110,Budapest,HU,47.49,19.11,22,19,14,19,6,80,E,1479,3535,3291.4,2.91,1
HU120,Pest,HU,47.41,19.37,22,19,11,14,6,72,D,207,1069,211.9,1.31,11
HU211,Fejér,HU,47.13,18.54,9,19,11,8,4,51,C,16,162,97.8,0.93,5
HU212,Komárom-Esztergom,HU,47.62,18.31,5,19,11,8,6,49,C,4,113,136.1,2.31,5
HU213,Veszprém,HU,47.12,17.65,16,19,11,11,9,66,D,51,263,80.6,6.61,1
HU221,Győr-Moson-Sopron,HU,47.64,17.28,3,19,11,5,5,43,C,1,86,113.8,1.38,5
HU222,Vas,HU,47.15,16.75,5,20,11,5,3,44,C,5,52,74.7,,
HU223,Zala,HU,46.68,16.89,9,20,11,5,4,49,C,15,79,70.4,1.28,2
HU231,Baranya,HU,46.04,18.22,16,19,11,11,5,62,D,55,367,80.9,0.83,11
HU232,Somogy,HU,46.44,17.62,12,19,11,11,8,61,D,48,270,51.2,4.07,9
HU233,Tolna,HU,46.51,18.54,3,19,11,5,4,42,C,1,51,56.9,0.93,9
HU311,Borsod-Abaúj-Zemplén,HU,48.2,20.98,5,20,11,11,2,49,C,3,349,86.4,0.44,4
HU312,Heves,HU,47.8,20.19,5,19,11,8,4,47,C,7,108,80.3,1.34,1
HU313,Nógrád,HU,47.99,19.51,5,19,11,5,3,43,C,4,25,71.4,,
RS215,Поморавска област,RS,43.99,21.36,3,18,7,2,3,33,B,1,2,,,
RS216,Расинска област,RS,43.52,21.17,3,19,7,2,3,34,B,1,1,,,
RS217,Рашка област,RS,43.37,20.55,3,16,7,2,3,31,B,2,0,,,
RS218,Шумадијска област,RS,44.12,20.78,3,18,7,2,3,33,B,2,2,,,
RS221,Борска област,RS,44.31,22.24,5,16,7,3,5,36,B,3,4,,1.91,2
RS222,Браничевска област,RS,44.47,21.52,3,18,7,2,3,33,B,1,4,,0.93,1
RS223,Зајечарска област,RS,43.75,22.14,5,15,7,2,3,32,B,4,0,,,
RS224,Јабланичка област,RS,42.93,21.91,3,19,7,2,3,34,B,1,0,,,
RS225,Нишавска област,RS,43.42,21.85,3,15,7,3,3,31,B,1,12,,,
RS226,Пиротска област,RS,43.15,22.56,3,16,7,2,3,31,B,2,0,,,
RS227,Подунавска област,RS,44.47,20.97,3,17,7,2,2,31,B,1,5,,0.73,2
RS228,Пчињска област,RS,42.53,22.06,3,16,7,2,2,30,B,1,0,,0.4,1
RS229,Топличка област,RS,43.16,21.37,3,18,7,2,3,33,B,1,0,,,
SE110,Stockholms län,SE,59.46,18.2,3,16,5,5,15,44,C,2,42,,9.21,124
SE121,Uppsala län,SE,60.06,17.58,3,15,5,3,13,39,B,1,26,,5.97,82
SE122,Södermanlands län,SE,59.08,16.69,3,15,5,2,15,40,C,1,6,,13.98,117
SE123,Östergötlands län,SE,58.37,15.69,3,15,5,2,15,40,C,1,6,,11.98,159
SE124,Örebro län,SE,59.36,14.98,3,15,5,2,15,40,C,1,4,,9.76,152
SE125,Västmanlands län,SE,59.75,16.16,3,14,5,3,14,39,B,1,9,,8.53,60
SE211,Jönköpings län,SE,57.53,14.41,3,15,5,2,15,40,C,1,2,,9.74,193
SE212,Kronobergs län,SE,56.79,14.56,3,14,5,2,15,39,B,1,1,,9.9,171
SE213,Kalmar län,SE,57.2,16.12,3,15,5,2,11,36,B,1,4,,3.93,203
SE214,Gotlands län,SE,57.47,18.52,3,16,5,2,3,29,B,1,2,,0.3,7
SE221,Blekinge län,SE,56.28,15.19,3,15,5,2,7,32,B,1,0,,1.46,40
DEA38,Warendorf,DE,51.87,7.97,0,18,16,2,3,39,B,0,2,213.7,,
DEA41,"Bielefeld, Kreisfreie Stadt",DE,52.01,8.55,0,17,18,0,3,38,B,0,0,1279.7,,
DEA42,Gütersloh,DE,51.93,8.37,0,17,16,2,1,36,B,0,1,374.8,0.04,1
DEA43,Herford,DE,52.16,8.62,0,17,17,0,3,37,B,0,0,566.2,,
DEA44,Höxter,DE,51.68,9.18,0,17,15,0,3,35,B,0,0,115.8,,
DEA45,Lippe,DE,51.99,8.95,3,17,16,2,3,41,C,1,0,279.7,,
DEA46,Minden-Lübbecke,DE,52.35,8.72,3,17,16,2,3,41,C,1,1,281.6,,
DEA47,Paderborn,DE,51.66,8.72,0,17,16,0,1,34,B,0,0,254.0,0.12,1
DEA51,"Bochum, Kreisfreie Stadt",DE,51.47,7.22,0,18,18,2,3,41,C,0,1,2459.4,,
DEA52,"Dortmund, Kreisfreie Stadt",DE,51.51,7.46,0,18,18,2,1,39,B,0,3,2144.1,0.15,1
DEA53,"Hagen, Kreisfreie Stadt",DE,51.35,7.5,0,17,18,0,2,37,B,0,0,1196.8,0.28,1
DEA54,"Hamm, Kreisfreie Stadt",DE,51.66,7.81,0,18,17,2,3,40,C,0,1,793.9,,
DEA55,"Herne, Kreisfreie Stadt",DE,51.54,7.2,0,18,18,0,3,39,B,0,0,3056.4,,
DEA56,Ennepe-Ruhr-Kreis,DE,51.34,7.32,3,17,17,2,3,42,C,1,2,774.4,0.9,4
DEA57,Hochsauerlandkreis,DE,51.3,8.39,3,13,15,2,2,35,B,1,2,133.6,0.29,3
DEA58,Märkischer Kreis,DE,51.27,7.71,0,15,16,0,2,33,B,0,0,387.7,0.44,3
DEA59,Olpe,DE,51.09,7.97,0,14,15,0,3,32,B,0,0,188.2,1.01,2
DEA5A,Siegen-Wittgenstein,DE,50.93,8.18,0,13,16,2,1,32,B,0,1,242.7,0.2,2
DEA5B,Soest,DE,51.56,8.2,0,17,16,0,2,35,B,0,0,227.8,0.71,1
DEA5C,Unna,DE,51.58,7.62,0,18,17,2,3,40,C,0,1,729.2,,
DEB11,"Koblenz, Kreisfreie Stadt",DE,50.35,7.58,0,18,18,0,8,44,C,0,0,1133.2,4.92,1
DEB12,Ahrweiler,DE,50.47,7.05,0,14,15,2,2,33,B,0,1,164.4,0.44,1
DEB13,Altenkirchen (Westerwald),DE,50.75,7.72,0,17,16,2,3,38,B,0,1,205.5,,
DEB14,Bad Kreuznach,DE,49.83,7.68,3,17,15,2,3,40,C,1,1,190.1,,
DEB15,Birkenfeld,DE,49.72,7.27,0,16,15,0,1,32,B,0,0,106.3,0.06,1
DEB17,Mayen-Koblenz,DE,50.33,7.34,3,17,16,2,4,42,C,1,5,268.2,1.74,2
DEB18,Neuwied,DE,50.56,7.45,0,17,16,2,3,38,B,0,2,304.2,0.91,1
DEB1A,Rhein-Lahn-Kreis,DE,50.26,7.85,0,17,15,2,3,37,B,0,1,161.4,0.94,1
DEB1B,Westerwaldkreis,DE,50.55,7.86,0,16,16,2,1,35,B,0,3,210.3,0.23,3
DEB1C,Cochem-Zell,DE,50.13,7.17,0,17,15,2,3,37,B,0,2,86.7,,
DEB1D,Rhein-Hunsrück-Kreis,DE,50.04,7.5,0,16,15,0,2,33,B,0,0,110.5,0.57,1
DEB21,"Trier, Kreisfreie Stadt",DE,49.76,6.64,0,18,17,0,3,38,B,0,0,909.2,,
DEB22,Bernkastel-Wittlich,DE,49.92,6.96,0,17,15,2,3,37,B,0,1,97.9,,
DEB23,Eifelkreis Bitburg-Prüm,DE,50.06,6.42,3,15,15,2,3,38,B,1,1,61.7,,
DEB24,Vulkaneifel,DE,50.23,6.77,0,15,15,0,3,33,B,0,0,65.3,,
DEB25,Trier-Saarburg,DE,49.69,6.7,0,16,15,2,1,34,B,0,9,136.4,0.1,2
DEB31,"Frankenthal (Pfalz), Kreisfreie Stadt",DE,49.53,8.37,0,18,18,2,3,41,C,0,1,1117.6,,
DEB32,"Kaiserslautern, Kreisfreie Stadt",DE,49.43,7.76,3,17,17,2,3,42,C,1,3,717.5,,
DEB33,"Landau in der Pfalz, Kreisfreie Stadt",DE,49.21,8.08,0,18,17,2,3,40,C,0,1,576.2,,
DEB34,"Ludwigshafen am Rhein, Kreisfreie Stadt",DE,49.48,8.4,0,18,18,2,3,41,C,0,2,2331.2,,
HU321,Hajdú-Bihar,HU,47.47,21.45,3,18,11,5,4,41,C,2,52,85.4,0.39,11
HU322,Jász-Nagykun-Szolnok,HU,47.27,20.42,3,18,11,5,3,40,C,1,62,65.0,1.21,4
HU323,Szabolcs-Szatmár-Bereg,HU,47.99,22.09,3,19,11,5,1,39,B,1,33,89.9,0.02,2
HU331,Bács-Kiskun,HU,46.57,19.38,3,17,11,5,5,41,C,2,85,59.0,1.19,18
HU332,Békés,HU,46.73,21.01,5,18,11,5,1,40,C,3,35,56.1,0.03,1
HU333,Csongrád-Csanád,HU,46.42,20.24,5,17,11,5,3,41,C,4,99,93.2,0.49,8
IE041,Border,IE,54.45,-7.83,0,15,3,0,9,27,B,0,0,,2.1,119
IE042,West,IE,53.64,-8.99,0,15,3,2,11,31,B,0,2,,3.99,114
IE051,Mid-West ,IE,52.66,-8.5,0,15,3,2,6,26,B,0,3,,1.18,30
IE052,South-East ,IE,52.46,-7.05,0,15,3,2,4,24,A,0,3,,0.4,10
IE053,South-West ,IE,51.99,-9.17,0,14,3,2,5,24,A,0,1,,0.59,26
IE061,Dublin,IE,53.39,-6.29,0,15,3,2,1,21,A,0,6,,0.06,1
IE062,Mid-East,IE,53.37,-6.61,0,15,3,2,4,24,A,0,3,,0.6,11
IE063,Midland,IE,53.33,-7.52,0,15,3,0,8,26,B,0,0,,2.08,25
IS001,Höfuðborgarsvæði,IS,64.16,-21.69,0,13,0,0,3,16,A,0,0,,0.61,5
IS002,Landsbyggð,IS,64.98,-18.57,0,13,0,0,8,21,A,0,0,,1.41,487
ITC11,Torino,IT,45.15,7.44,12,18,19,14,2,65,D,21,649,325.0,0.22,7
ITC12,Vercelli,IT,45.52,8.22,5,21,18,8,2,54,C,4,115,80.1,0.32,1
ITC13,Biella,IT,45.58,8.08,3,19,18,3,2,45,C,1,23,186.4,0.63,1
SE224,Skåne län,SE,55.95,13.62,3,14,5,5,10,37,B,1,32,,2.65,62
SE231,Hallands län,SE,56.96,12.84,3,13,5,2,10,33,B,1,4,,2.94,64
SE232,Västra Götalands län,SE,58.31,12.82,3,13,5,3,15,39,B,1,10,,16.06,259
SE311,Värmlands län,SE,59.77,13.16,3,13,5,3,15,39,B,1,8,,18.09,270
SE312,Dalarnas län,SE,60.96,14.36,9,15,5,5,12,46,C,15,5,,5.0,343
SE313,Gävleborgs län,SE,61.46,16.29,9,15,5,5,12,46,C,10,14,,5.47,266
SE321,Västernorrlands län,SE,63.1,17.29,5,15,5,3,11,39,B,7,1,,3.62,299
SE322,Jämtlands län,SE,63.26,14.31,5,15,5,3,13,41,C,8,2,,6.48,541
SE331,Västerbottens län,SE,64.86,17.84,9,15,5,5,11,45,C,15,0,,4.24,597
SE332,Norrbottens län,SE,66.95,20.1,9,14,5,5,12,45,C,14,4,,4.66,828
SI031,Pomurska,SI,46.66,16.18,3,20,4,3,3,33,B,1,24,85.8,,
SI032,Podravska,SI,46.47,15.75,5,20,4,3,3,35,B,5,9,153.8,,
DEB35,"Mainz, Kreisfreie Stadt",DE,49.98,8.25,0,18,18,2,3,41,C,0,4,2344.1,,
DEB36,"Neustadt an der Weinstraße, Kreisfreie Stadt",DE,49.34,8.16,0,18,16,2,3,39,B,0,4,450.7,,
DEB37,"Pirmasens, Kreisfreie Stadt",DE,49.19,7.58,0,18,17,0,3,38,B,0,0,646.7,,
DEB38,"Speyer, Kreisfreie Stadt",DE,49.32,8.44,0,18,18,0,3,39,B,0,0,1312.6,,
DEB39,"Worms, Kreisfreie Stadt",DE,49.64,8.34,3,18,17,2,8,48,C,1,5,818.0,4.99,1
DEB3A,"Zweibrücken, Kreisfreie Stadt",DE,49.25,7.36,0,18,16,0,3,37,B,0,0,469.1,,
DEB3B,Alzey-Worms,DE,49.75,8.16,3,17,16,3,1,40,C,2,11,223.2,0.11,1
DEB3C,Bad Dürkheim,DE,49.46,8.11,0,17,16,3,3,39,B,0,10,225.4,,
DEB3D,Donnersbergkreis,DE,49.63,7.9,0,14,15,2,3,34,B,0,1,116.0,,
DEB3E,Germersheim,DE,49.12,8.25,0,18,16,2,3,39,B,0,5,291.8,0.93,1
DEB3F,"Kaiserslautern, Landkreis",DE,49.44,7.69,3,17,15,2,3,40,C,1,0,165.5,,
DEB3G,Kusel,DE,49.55,7.46,0,18,15,0,3,36,B,0,0,121.9,,
DEB3H,Südliche Weinstraße,DE,49.19,8.05,0,18,15,2,3,38,B,0,7,176.6,,
DEB3I,Rhein-Pfalz-Kreis,DE,49.42,8.36,3,18,17,2,2,42,C,1,7,528.2,0.67,2
DEB3J,Mainz-Bingen,DE,49.92,8.08,3,18,16,2,6,45,C,1,6,348.6,2.9,1
DEB3K,Südwestpfalz,DE,49.21,7.66,0,17,15,0,3,35,B,0,0,94.5,,
DEC01,Regionalverband Saarbrücken,DE,49.26,6.95,0,18,17,0,3,38,B,0,0,806.7,,
DEC02,Merzig-Wadern,DE,49.5,6.67,0,17,15,0,3,35,B,0,0,197.4,,
DEC03,Neunkirchen,DE,49.38,7.13,3,17,17,2,3,42,C,1,2,534.4,,
DEC04,Saarlouis,DE,49.37,6.79,0,18,16,2,3,39,B,0,1,449.6,,
DEC05,Saarpfalz-Kreis,DE,49.25,7.25,0,18,16,0,3,37,B,0,0,345.7,,
DEC06,St. Wendel,DE,49.53,7.09,0,15,15,0,2,32,B,0,0,185.7,0.27,1
DED21,"Dresden, Kreisfreie Stadt",DE,51.07,13.78,9,18,18,5,1,51,C,19,1,1733.0,0.16,1
DED2C,Bautzen,DE,51.27,14.21,3,18,15,2,7,45,C,2,1,128.2,1.45,25
DED2D,Görlitz,DE,51.23,14.74,0,18,15,2,6,41,C,0,2,119.7,0.99,25
DED2E,Meißen,DE,51.25,13.48,0,18,15,0,4,37,B,0,0,167.3,0.44,13
DED2F,Sächsische Schweiz-Osterzgebirge,DE,50.91,13.87,0,17,15,0,2,34,B,0,0,149.1,0.32,4
DED41,"Chemnitz, Kreisfreie Stadt",DE,50.82,12.91,0,17,18,2,3,40,C,0,1,1104.2,,
DED42,Erzgebirgskreis,DE,50.61,12.96,3,16,15,2,3,39,B,1,1,177.4,0.43,5
DED43,Mittelsachsen,DE,50.95,13.14,0,17,15,2,1,35,B,0,4,141.0,0.19,3
DED44,Vogtlandkreis,DE,50.46,12.24,0,16,15,0,3,34,B,0,0,157.6,0.6,5
DED45,Zwickau,DE,50.75,12.53,0,17,16,2,1,36,B,0,2,326.9,0.15,3
DED51,"Leipzig, Kreisfreie Stadt",DE,51.33,12.38,0,18,18,2,3,41,C,0,1,2067.6,,
DED52,Leipzig,DE,51.22,12.6,3,18,15,2,4,42,C,2,0,161.9,0.74,15
DED53,Nordsachsen,DE,51.47,12.77,0,18,15,2,2,37,B,0,1,100.5,0.16,6
DEE01,"Dessau-Roßlau, Kreisfreie Stadt",DE,51.85,12.24,0,18,16,2,3,39,B,0,1,316.9,,
DEE02,"Halle (Saale), Kreisfreie Stadt",DE,51.47,11.97,0,17,18,3,3,41,C,0,11,1698.0,0.85,1
DEE03,"Magdeburg, Kreisfreie Stadt",DE,52.11,11.66,0,17,18,2,3,40,C,0,1,1261.1,,
DEE04,Altmarkkreis Salzwedel,DE,52.69,11.23,0,17,14,0,1,32,B,0,0,35.4,0.22,1
ITC14,Verbano-Cusio-Ossola,IT,46.08,8.35,3,14,18,5,7,47,C,1,58,71.1,4.12,3
ITC15,Novara,IT,45.55,8.56,3,22,19,8,6,58,D,2,148,278.4,2.87,3
ITC16,Cuneo,IT,44.47,7.59,5,20,18,5,3,51,C,3,89,84.4,,
ITC17,Asti,IT,44.87,8.19,5,22,18,5,2,52,C,6,48,137.8,0.28,1
ITC18,Alessandria,IT,44.83,8.67,3,21,18,5,3,50,C,2,83,115.0,1.12,4
ITC20,Valle d’Aosta/Vallée d’Aoste,IT,45.74,7.4,0,19,18,3,1,41,C,0,19,37.9,0.01,1
ITC31,Imperia,IT,43.95,7.81,3,18,18,8,3,50,C,1,144,180.9,,
ITC32,Savona,IT,44.29,8.3,5,20,18,8,3,54,C,8,123,173.1,,
ITC33,Genova,IT,44.46,9.12,5,19,19,11,3,57,D,7,222,446.3,0.37,5
ITC34,La Spezia,IT,44.22,9.73,9,22,19,5,3,58,D,10,42,244.9,,
ITC41,Varese,IT,45.8,8.78,12,20,20,11,10,73,D,25,303,811.1,6.74,6
ITC42,Como,IT,45.93,9.16,19,17,20,8,11,75,E,166,160,513.3,10.66,4
ITC43,Lecco,IT,45.89,9.4,3,17,19,5,8,52,C,2,78,451.9,4.01,5
ITC44,Sondrio,IT,46.29,9.91,5,14,18,5,3,45,C,3,59,56.6,0.45,8
ITC46,Bergamo,IT,45.79,9.79,9,15,19,11,3,57,D,12,407,409.0,0.89,3
ITC47,Brescia,IT,45.7,10.32,12,18,19,11,8,68,D,22,398,277.8,5.59,4
ITC48,Pavia,IT,45.11,9.04,12,21,18,11,6,68,D,30,296,184.3,3.31,1
ITC49,Lodi,IT,45.23,9.59,3,21,19,5,7,55,D,1,46,298.7,3.76,4
ITC4A,Cremona,IT,45.22,9.99,5,21,19,8,6,59,D,7,119,202.2,3.28,4
ITC4B,Mantova,IT,45.12,10.76,5,21,18,8,6,58,D,6,102,179.3,2.53,2
ITC4C,Milano,IT,45.46,9.13,16,22,21,14,4,77,E,64,1420,2074.8,1.33,2
ITC4D,Monza e della Brianza,IT,45.64,9.27,12,20,21,11,3,67,D,27,265,2166.3,,
ITF11,L’Aquila,IT,42.11,13.6,5,11,18,5,2,41,C,5,67,57.1,0.26,2
ITF12,Teramo,IT,42.64,13.75,5,18,18,5,3,49,C,4,70,153.2,,
ITF13,Pescara,IT,42.33,13.99,5,18,19,5,2,49,C,5,76,254.4,0.45,1
ITF14,Chieti,IT,42.09,14.38,5,19,18,5,2,49,C,4,76,143.3,0.42,4
ITF21,Isernia,IT,41.64,14.24,3,17,18,3,3,44,C,2,13,51.9,,
ITF22,Campobasso,IT,41.71,14.78,3,18,18,3,4,46,C,1,25,72.3,1.69,3
ITF31,Caserta,IT,41.21,14.16,5,20,19,5,2,51,C,7,84,343.7,0.27,2
ITF32,Benevento,IT,41.25,14.76,5,18,18,5,1,47,C,7,41,126.3,0.21,1
ITF33,Napoli,IT,40.85,14.34,9,21,21,14,3,68,D,11,503,2534.6,,
ITF34,Avellino,IT,40.97,15.07,5,13,18,5,3,44,C,4,45,142.2,,
ITF35,Salerno,IT,40.44,15.22,5,20,19,11,1,56,D,5,217,214.1,0.01,1
SI033,Koroška,SI,46.53,15.09,3,19,4,2,3,31,B,1,0,68.3,,
SI034,Savinjska,SI,46.27,15.21,3,20,4,2,3,32,B,2,4,114.0,,
SI035,Zasavska,SI,46.1,14.96,3,21,4,2,3,33,B,2,0,118.6,,
SI036,Posavska,SI,45.97,15.43,3,19,4,2,1,29,B,1,0,79.2,0.14,1
SI037,Jugovzhodna Slovenija,SI,45.71,15.02,3,19,4,2,3,31,B,1,1,55.3,,
SI038,Primorsko-notranjska,SI,45.69,14.3,3,17,4,2,3,29,B,2,1,37.6,,
SI041,Osrednjeslovenska,SI,46.03,14.57,9,20,5,5,3,42,C,11,18,242.0,,
SI042,Gorenjska,SI,46.3,14.14,3,14,4,2,1,24,A,1,3,98.8,0.19,2
SI043,Goriška,SI,46.08,13.79,12,17,4,5,3,41,C,32,15,51.1,,
SI044,Obalno-kraška,SI,45.63,13.88,12,20,4,8,3,47,C,43,26,114.2,,
SK010,Bratislavský kraj,SK,48.32,17.17,5,17,4,8,3,37,B,7,193,361.5,0.77,2
SK021,Trnavský kraj,SK,48.35,17.54,3,19,3,5,4,34,B,1,32,139.2,1.25,5
SK022,Trenčiansky kraj,SK,48.86,18.2,3,18,3,3,1,28,B,1,25,127.0,0.12,1
SK023,Nitriansky kraj,SK,48.14,18.31,3,19,3,5,1,31,B,2,34,106.4,0.19,4
SK031,Žilinský kraj,SK,49.18,19.16,3,18,3,5,2,31,B,1,29,102.1,0.37,3
SK032,Banskobystrický kraj,SK,48.52,19.51,3,18,3,3,3,30,B,1,22,65.2,,
SK041,Prešovský kraj,SK,49.12,21.23,3,18,3,2,1,27,B,1,7,90.3,0.21,1
SK042,Košický kraj,SK,48.69,21.27,3,19,3,3,2,30,B,2,14,116.3,0.29,1
TR100,İstanbul,TR,41.16,28.78,19,19,4,5,6,53,C,183,94,,1.96,5
DEE05,Anhalt-Bitterfeld,DE,51.79,12.14,0,18,15,2,3,38,B,0,2,108.7,0.59,6
DEE06,Jerichower Land,DE,52.26,12.03,0,17,15,0,1,33,B,0,0,56.8,0.04,2
DEE07,Börde,DE,52.23,11.36,0,17,15,0,1,33,B,0,0,71.5,0.07,1
DEE08,Burgenlandkreis,DE,51.14,11.89,3,17,15,2,1,38,B,1,1,124.2,0.15,4
DEE09,Harz,DE,51.82,10.96,3,16,15,2,2,38,B,1,0,99.1,0.42,3
DEE0A,Mansfeld-Südharz,DE,51.53,11.36,0,16,15,0,2,33,B,0,0,90.8,0.64,3
DEE0B,Saalekreis,DE,51.42,11.88,3,18,15,2,3,41,C,1,0,130.2,0.41,5
DEE0C,Salzlandkreis,DE,51.85,11.64,3,17,15,2,1,38,B,1,0,130.1,0.08,2
DEE0D,Stendal,DE,52.69,11.85,0,17,14,0,2,33,B,0,0,44.8,0.51,4
DEE0E,Wittenberg,DE,51.82,12.7,0,17,15,0,2,34,B,0,0,64.4,0.17,5
DEF01,"Flensburg, Kreisfreie Stadt",DE,54.79,9.44,0,15,18,0,3,36,B,0,0,1689.9,,
DEF02,"Kiel, Kreisfreie Stadt",DE,54.33,10.14,0,16,18,0,1,35,B,0,0,2144.5,0.0,1
DEF03,"Lübeck, Kreisfreie Stadt",DE,53.88,10.73,0,16,18,2,4,40,C,0,2,1139.9,1.4,2
DEF04,"Neumünster, Kreisfreie Stadt",DE,54.08,10.0,0,16,18,0,3,37,B,0,0,1130.9,,
DEF05,Dithmarschen,DE,54.14,9.11,0,16,15,2,2,35,B,0,5,95.4,0.42,1
DEF06,Herzogtum Lauenburg,DE,53.59,10.61,0,16,15,2,8,41,C,0,2,167.4,3.03,11
DEF07,Nordfriesland,DE,54.61,8.91,3,15,15,2,2,37,B,1,0,82.5,0.52,4
DEF08,Ostholstein,DE,54.17,10.79,0,16,15,0,6,37,B,0,0,147.9,1.5,14
DEF09,Pinneberg,DE,53.72,9.75,0,17,17,0,3,37,B,0,0,504.4,,
DEF0A,Plön,DE,54.23,10.35,0,16,15,0,13,44,C,0,0,132.0,8.97,27
DEF0B,Rendsburg-Eckernförde,DE,54.29,9.78,3,16,15,2,7,43,C,1,2,129.6,1.93,19
DEF0C,Schleswig-Flensburg,DE,54.62,9.51,0,15,15,2,6,38,B,0,2,99.3,2.45,8
DEF0D,Segeberg,DE,53.92,10.14,0,16,16,2,3,37,B,0,1,211.2,0.74,8
DEF0E,Steinburg,DE,53.93,9.51,0,16,15,2,3,36,B,0,1,130.0,,
DEF0F,Stormarn,DE,53.72,10.32,0,16,16,2,1,35,B,0,7,322.0,0.21,3
DEG01,"Erfurt, Kreisfreie Stadt",DE,50.98,11.02,0,17,17,2,3,39,B,0,2,820.8,,
DEG02,"Gera, Kreisfreie Stadt",DE,50.91,12.08,0,17,17,0,3,37,B,0,0,625.5,,
DEG03,"Jena, Kreisfreie Stadt",DE,50.93,11.58,3,18,17,2,3,43,C,1,0,958.9,,
DEG05,"Weimar, Kreisfreie Stadt",DE,50.97,11.32,0,17,17,0,3,37,B,0,0,780.0,,
DEG06,Eichsfeld,DE,51.37,10.26,0,16,15,0,3,34,B,0,0,107.1,,
DEG07,Nordhausen,DE,51.51,10.72,0,17,15,0,1,33,B,0,0,115.2,0.03,1
DEG09,Unstrut-Hainich-Kreis,DE,51.18,10.56,0,17,15,2,3,37,B,0,1,100.7,,
DEG0A,Kyffhäuserkreis,DE,51.33,10.97,0,16,15,0,3,34,B,0,0,70.2,,
DEG0C,Gotha,DE,50.91,10.7,0,16,15,2,2,35,B,0,2,147.1,0.42,3
DEG0D,Sömmerda,DE,51.16,11.15,0,17,15,0,3,35,B,0,0,85.1,,
ITF43,Taranto,IT,40.54,17.19,5,13,19,5,3,45,C,3,69,227.0,0.76,1
ITF44,Brindisi,IT,40.62,17.69,3,15,19,5,3,45,C,2,40,204.0,,
ITF45,Lecce,IT,40.18,18.17,5,17,19,8,1,50,C,9,131,276.3,0.03,2
ITF46,Foggia,IT,41.53,15.56,3,16,18,5,6,48,C,1,68,86.6,1.77,7
ITF47,Bari,IT,40.93,16.75,5,17,19,11,3,55,D,8,465,316.8,,
ITF48,Barletta-Andria-Trani,IT,41.17,16.17,3,15,19,5,3,45,C,2,56,254.0,,
ITF51,Potenza,IT,40.51,15.89,0,17,18,5,2,42,C,0,44,52.6,0.5,3
ITF52,Matera,IT,40.47,16.45,12,13,18,8,4,55,D,28,189,55.1,1.58,3
ITF61,Cosenza,IT,39.56,16.32,3,13,18,8,2,44,C,2,104,100.5,0.38,3
ITF62,Crotone,IT,39.18,16.95,0,11,18,2,1,32,B,0,9,93.7,0.0,1
ITF63,Catanzaro,IT,38.89,16.49,0,17,18,5,1,41,C,0,42,141.5,0.0,1
ITF64,Vibo Valentia,IT,38.62,16.17,0,20,18,3,3,44,C,0,14,131.4,,
ITF65,Reggio Calabria,IT,38.25,16.04,3,18,18,8,3,50,C,1,102,161.1,,
ITG11,Trapani,IT,37.81,12.72,3,16,18,5,2,44,C,1,66,169.2,0.27,1
ITG12,Palermo,IT,37.87,13.57,5,15,19,8,2,49,C,7,198,241.2,0.25,4
ITG13,Messina,IT,38.03,14.92,3,19,18,5,1,46,C,2,37,183.8,0.07,1
ITG14,Agrigento,IT,37.44,13.52,3,16,18,5,1,43,C,2,41,135.6,0.16,2
ITG15,Caltanissetta,IT,37.35,14.07,0,11,18,5,1,35,B,0,56,116.5,0.04,1
ITG16,Enna,IT,37.58,14.43,0,12,18,2,2,34,B,0,5,60.3,0.32,2
ITG17,Catania,IT,37.5,14.82,5,11,19,8,2,45,C,5,124,301.1,0.32,1
ITG18,Ragusa,IT,36.92,14.67,0,13,18,5,1,37,B,0,47,196.4,0.14,2
ITG19,Siracusa,IT,37.07,15.03,3,14,18,5,1,41,C,2,77,183.2,0.15,2
ITG2D,Sassari,IT,40.75,8.97,5,16,18,8,3,50,C,8,154,,0.32,7
ITG2E,Nuoro,IT,40.18,9.37,0,14,18,5,1,38,B,0,44,,0.1,2
ITG2F,Cagliari,IT,39.21,9.12,9,13,18,11,5,56,D,15,265,,2.25,4
ITG2G,Oristano,IT,39.99,8.72,0,15,18,5,6,44,C,0,55,,1.92,8
ITG2H,Sud Sardegna,IT,39.43,8.94,5,14,18,8,3,48,C,7,165,,0.37,6
ITH10,Bolzano-Bozen,IT,46.7,11.41,9,15,18,8,1,51,C,18,178,72.7,0.11,3
TR211,Tekirdağ,TR,41.09,27.4,3,17,4,3,3,30,B,1,8,,,
TR212,Edirne,TR,41.26,26.61,9,13,4,3,3,32,B,10,3,,0.37,6
TR213,Kırklareli,TR,41.68,27.43,9,17,4,3,1,34,B,12,1,,0.01,1
TR221,Balıkesir,TR,39.69,27.86,5,14,4,3,4,30,B,4,15,,1.33,3
TR222,Çanakkale,TR,40.04,26.77,3,14,4,3,1,25,B,1,10,,0.04,2
TR310,İzmir,TR,38.47,27.28,9,10,4,5,1,29,B,17,19,,0.03,4
TR321,Aydın,TR,37.75,28.0,3,7,4,3,4,21,A,2,8,,1.16,5
TR322,Denizli,TR,37.74,29.27,3,9,4,2,5,23,A,1,2,,1.31,8
TR323,Muğla,TR,37.02,28.46,5,7,4,3,3,22,A,8,8,,0.59,6
TR331,Manisa,TR,38.77,28.13,3,11,4,2,2,22,A,1,0,,0.74,3
TR332,Afyonkarahisar,TR,38.63,30.65,3,11,4,2,8,28,B,1,0,,3.5,12
TR333,Kütahya,TR,39.3,29.58,3,11,4,2,1,21,A,1,1,,0.14,3
TR334,Uşak,TR,38.58,29.37,3,9,4,2,1,19,A,1,0,,0.24,1
TR411,Bursa,TR,40.12,29.05,3,17,4,2,7,33,B,1,7,,4.17,3
TR412,Eskişehir,TR,39.6,31.07,3,11,4,2,4,24,A,1,1,,0.44,11
TR413,Bilecik,TR,40.11,30.1,3,12,4,2,3,24,A,1,0,,,
TR421,Kocaeli,TR,40.85,29.89,12,21,4,5,2,44,C,22,25,,0.46,1
DEG0E,Hildburghausen,DE,50.43,10.73,0,16,15,0,1,32,B,0,0,65.2,0.12,1
DEG0G,Weimarer Land,DE,50.97,11.36,0,17,15,0,3,35,B,0,0,103.2,,
DEG0J,Saale-Holzland-Kreis,DE,50.9,11.73,0,17,15,2,3,37,B,0,2,102.8,,
DEG0K,Saale-Orla-Kreis,DE,50.59,11.72,0,16,15,0,4,35,B,0,0,68.8,1.15,6
DEG0L,Greiz,DE,50.75,12.08,0,17,15,0,2,34,B,0,0,112.7,0.61,4
DEG0M,Altenburger Land,DE,50.96,12.4,0,17,15,0,2,34,B,0,0,155.2,0.39,2
DEG0Q,Schmalkalden-Meiningen,DE,50.63,10.4,3,16,15,2,1,37,B,1,0,97.7,0.04,1
DEG0R,Wartburgkreis,DE,50.9,10.23,5,16,15,2,3,41,C,4,0,115.4,,
DEG0S,"Suhl, Kreisfreie Stadt",DE,50.62,10.74,0,14,16,0,3,33,B,0,0,257.6,,
DEG0T,Ilm-Kreis,DE,50.74,10.98,3,16,15,2,3,39,B,1,0,134.1,,
DEG0U,Saalfeld-Rudolstadt,DE,50.64,11.31,0,16,15,0,2,33,B,0,0,101.7,0.59,2
DEG0V,Sonneberg,DE,50.43,11.13,0,13,15,0,3,31,B,0,0,122.9,,
DK011,Byen København,DK,55.64,12.63,0,16,5,2,2,25,B,0,2,,0.48,1
DK012,Københavns omegn,DK,55.69,12.39,0,15,5,2,2,24,A,0,3,,0.75,4
DK013,Nordsjælland,DK,55.91,12.24,0,15,5,2,10,32,B,0,2,,4.87,10
DK014,Bornholm,DK,55.13,14.91,0,17,5,0,3,25,B,0,0,,,
DK021,Østsjælland,DK,55.58,12.05,0,15,5,0,1,21,A,0,0,,0.19,3
DK022,Vest- og Sydsjælland,DK,55.23,11.69,3,16,5,2,5,31,B,1,4,,0.95,17
DK031,Fyn,DK,55.27,10.34,0,14,5,2,2,23,A,0,2,,0.2,7
DK032,Sydjylland,DK,55.39,9.07,3,14,5,2,3,27,B,1,7,,0.21,19
DK041,Vestjylland,DK,56.28,8.85,0,13,5,0,10,28,B,0,0,,3.58,26
DK042,Østjylland,DK,56.21,10.06,3,13,5,2,7,30,B,1,1,,1.69,28
DK050,Nordjylland,DK,57.06,9.68,3,14,5,2,10,34,B,1,5,,5.45,16
EE001,Põhja-Eesti,EE,59.32,24.91,0,16,3,2,3,24,A,0,3,,0.41,7
EE004,Lääne-Eesti,EE,58.55,23.7,0,17,3,0,5,25,B,0,0,,0.61,21
ITH20,Trento,IT,46.13,11.11,19,21,18,17,4,79,E,199,1628,88.4,0.65,10
ITH31,Verona,IT,45.42,11.04,12,20,19,14,9,74,D,45,509,318.5,4.6,8
ITH32,Vicenza,IT,45.67,11.49,12,20,19,14,3,68,D,39,522,313.7,,
ITH33,Belluno,IT,46.31,12.16,12,13,18,11,3,57,D,30,208,54.3,0.6,6
ITH34,Treviso,IT,45.8,12.22,16,21,19,14,4,74,D,64,523,356.9,1.37,4
ITH35,Venezia,IT,45.53,12.49,22,21,19,17,6,85,E,241,2273,433.2,2.01,9
ITH36,Padova,IT,45.36,11.82,16,21,19,14,1,71,D,73,857,442.9,0.16,2
ITH37,Rovigo,IT,45.02,11.88,5,20,18,11,11,65,D,7,276,144.3,4.56,20
ITH41,Pordenone,IT,46.1,12.69,12,20,18,8,2,60,D,26,121,139.8,0.56,3
ITH42,Udine,IT,46.24,13.16,12,20,18,11,2,63,D,31,376,108.8,0.21,9
ITH43,Gorizia,IT,45.87,13.52,5,20,19,5,4,53,C,5,39,361.7,1.28,2
ITH44,Trieste,IT,45.69,13.75,5,20,21,5,3,54,C,7,63,1073.0,,
ITH51,Piacenza,IT,44.87,9.62,5,21,18,5,3,52,C,7,69,111.2,1.22,3
ITH52,Parma,IT,44.67,10.05,12,21,18,8,4,63,D,22,152,132.1,0.76,5
ITH53,Reggio nell’Emilia,IT,44.6,10.55,12,21,19,8,2,62,D,32,188,231.3,0.65,3
ITH54,Modena,IT,44.53,10.89,12,21,19,14,3,69,D,21,548,263.3,,
ITH55,Bologna,IT,44.43,11.35,16,20,19,14,1,70,D,78,918,276.3,0.06,3
ITH56,Ferrara,IT,44.79,11.87,9,20,18,8,10,65,D,10,146,139.3,4.89,11
ITH57,Ravenna,IT,44.37,12.0,9,19,19,11,3,61,D,11,213,216.2,0.96,3
ITH58,Forlì-Cesena,IT,44.04,12.04,5,19,18,5,3,50,C,5,90,165.1,,
ITH59,Rimini,IT,43.94,12.44,5,19,19,5,3,51,C,9,79,369.3,,
ITI11,Massa-Carrara,IT,44.25,10.01,3,21,18,8,3,53,C,2,104,162.3,,
ITI12,Lucca,IT,44.01,10.43,5,18,19,8,3,53,C,7,107,218.5,0.87,2
ITI13,Pistoia,IT,43.97,10.85,5,19,19,8,3,54,C,4,102,303.2,,
ITI14,Firenze,IT,43.82,11.29,19,20,19,17,3,78,E,112,1822,283.2,,
ITI15,Prato,IT,43.95,11.09,5,20,20,5,3,53,C,3,71,711.2,,
ITI16,Livorno,IT,43.16,10.48,5,21,19,5,3,53,C,8,87,271.1,,
ITI17,Pisa,IT,43.51,10.66,9,20,18,11,3,61,D,19,201,171.9,,
ITI18,Arezzo,IT,43.54,11.86,3,19,18,8,3,51,C,1,110,103.8,,
ITI19,Siena,IT,43.19,11.46,3,18,18,5,1,45,C,2,81,68.4,0.04,2
TR422,Sakarya,TR,40.75,30.51,5,20,4,3,4,36,B,4,9,,0.76,6
TR423,Düzce,TR,40.88,31.22,3,22,4,2,1,32,B,1,2,,0.17,1
TR424,Bolu,TR,40.6,31.61,3,15,4,2,1,25,B,1,1,,0.04,3
TR425,Yalova,TR,40.61,29.21,5,19,4,2,3,33,B,4,1,,,
TR510,Ankara,TR,39.8,32.58,3,10,4,3,8,28,B,1,14,,2.7,11
TR521,Konya,TR,38.04,32.59,3,9,4,2,9,27,B,1,3,,3.37,24
TR522,Karaman,TR,37.08,33.28,3,9,4,2,1,19,A,1,3,,0.01,1
TR611,Antalya,TR,36.8,30.91,0,11,4,3,2,20,A,0,10,,0.11,9
TR612,Isparta,TR,37.92,30.94,3,11,4,2,11,31,B,1,0,,7.83,6
TR613,Burdur,TR,37.42,30.08,3,10,4,2,10,29,B,1,0,,4.87,17
TR621,Adana,TR,37.39,35.58,3,14,4,2,4,27,B,1,3,,0.98,9
TR622,Mersin,TR,36.69,33.83,3,11,4,2,1,21,A,1,3,,0.07,1
TR631,Hatay,TR,36.43,36.26,3,9,4,2,3,21,A,2,4,,1.12,2
TR632,Kahramanmaraş,TR,37.89,36.96,3,9,4,2,2,20,A,1,1,,0.21,5
TR633,Osmaniye,TR,37.29,36.26,3,21,4,2,5,35,B,1,0,,1.84,2
TR711,Kırıkkale,TR,39.86,33.71,3,12,4,2,3,24,A,1,0,,,
TR712,Aksaray,TR,38.45,33.83,3,9,4,2,7,25,B,1,0,,3.27,5
TR713,Niğde,TR,37.9,34.67,3,8,4,2,3,20,A,1,0,,,
TR714,Nevşehir,TR,38.79,34.72,3,10,4,2,3,22,A,1,0,,,
TR715,Kırşehir,TR,39.31,34.12,3,11,4,2,5,25,B,1,2,,2.48,3
EE008,Lõuna-Eesti,EE,58.27,26.5,0,17,3,2,13,35,B,0,3,,8.56,46
EE009,Kesk-Eesti,EE,59.05,25.61,0,16,3,2,1,22,A,0,1,,0.03,4
EE00A,Kirde-Eesti,EE,59.19,27.4,0,17,3,0,12,32,B,0,0,,14.73,7
EL301,Βόρειος Τομέας Αθηνών,EL,38.04,23.82,12,12,11,5,3,43,C,31,67,4464.8,,
EL302,Δυτικός Τομέας Αθηνών,EL,38.02,23.67,9,11,11,5,3,39,B,15,32,6925.7,,
EL303,Κεντρικός Τομέας Αθηνών,EL,37.98,23.76,12,11,11,8,3,45,C,39,125,11265.3,,
EL304,Νότιος Τομέας Αθηνών,EL,37.92,23.73,12,9,11,5,3,40,C,26,25,7484.6,,
EL305,Ανατολική Αττική,EL,38.02,23.88,22,12,9,5,2,50,C,361,54,348.1,0.28,1
EL306,Δυτική Αττική,EL,38.09,23.39,12,13,8,5,3,41,C,30,23,164.6,,
EL307,"Πειραιάς, Νήσοι",EL,37.12,23.28,12,15,10,5,3,45,C,30,1,562.4,,
EL411,"Λέσβος, Λήμνος",EL,39.34,25.96,3,11,7,3,3,27,B,1,8,48.7,,
EL412,"Ικαρία, Σάμος",EL,37.68,26.58,3,11,8,2,3,27,B,1,2,55.2,,
EL413,Χίος,EL,38.42,25.98,5,10,8,3,3,29,B,4,8,57.5,,
EL421,"Κάλυμνος, Κάρπαθος – Ηρωική Νήσος Κάσος, Κως, Ρόδος",EL,36.3,27.48,0,16,8,2,3,29,B,0,8,77.9,,
EL422,"Άνδρος, Θήρα, Κέα - Κύθνος, Μήλος, Μύκονος, Νάξος, Πάρος, Σύρος, Τήνος",EL,37.13,25.09,0,12,7,2,3,24,A,0,4,46.4,,
EL431,Ηράκλειο,EL,35.14,25.12,5,10,8,3,3,29,B,6,15,115.3,,
EL432,Λασίθι,EL,35.13,25.83,5,10,7,3,3,28,B,5,1,42.6,,
EL433,Ρέθυμνο,EL,35.26,24.62,9,12,8,3,3,35,B,12,2,57.1,,
EL434,Χανιά,EL,35.36,23.94,9,11,8,5,3,36,B,14,17,66.2,,
ITI1A,Grosseto,IT,42.78,11.23,5,18,18,8,2,51,C,7,111,48.7,0.45,3
ITI21,Perugia,IT,43.07,12.54,5,18,18,11,5,57,D,5,213,103.0,1.91,2
ITI22,Terni,IT,42.67,12.35,0,18,18,5,3,44,C,0,91,102.7,0.83,3
ITI31,Pesaro e Urbino,IT,43.7,12.68,5,18,18,5,3,49,C,3,90,139.6,,
ITI32,Ancona,IT,43.51,13.17,5,18,19,5,3,50,C,3,97,235.5,,
ITI33,Macerata,IT,43.19,13.25,16,18,18,11,3,66,D,57,455,109.4,,
ITI34,Ascoli Piceno,IT,42.88,13.55,9,19,18,8,3,57,D,11,170,164.0,,
ITI35,Fermo,IT,43.1,13.59,16,18,18,11,3,66,D,64,255,194.4,,
ITI41,Viterbo,IT,42.43,11.99,5,18,18,8,7,56,D,7,123,88.5,3.59,3
ITI42,Rieti,IT,42.38,12.95,9,19,18,8,3,57,D,17,145,54.9,0.57,5
ITI43,Roma,IT,41.93,12.55,19,19,20,19,3,80,E,176,4795,800.4,1.15,4
ITI44,Latina,IT,41.43,13.13,12,19,19,14,3,67,D,43,628,255.3,0.68,6
ITI45,Frosinone,IT,41.62,13.53,9,18,18,11,1,57,D,10,375,143.8,0.03,1
LI000,Liechtenstein,LI,47.14,9.55,0,14,2,0,3,19,A,0,0,,,
LT011,Vilniaus apskritis,LT,54.83,25.24,0,18,1,3,7,29,B,0,10,,1.03,82
LT021,Alytaus apskritis,LT,54.23,24.14,0,18,1,0,9,28,B,0,0,,2.46,54
LT022,Kauno apskritis,LT,55.08,23.87,0,18,1,2,5,26,B,0,1,,1.13,12
LT023,Klaipėdos apskritis,LT,55.76,21.51,0,18,1,2,2,23,A,0,1,,0.48,4
LT024,Marijampolės apskritis,LT,54.7,23.17,0,18,1,2,3,24,A,0,3,,0.42,8
LT025,Panevėžio apskritis,LT,55.92,24.81,0,18,1,2,4,25,B,0,2,,0.42,16
LT026,Šiaulių apskritis,LT,55.94,23.31,0,17,1,2,3,23,A,0,1,,0.2,12
LT027,Tauragės apskritis,LT,55.3,22.45,0,18,1,0,4,23,A,0,0,,0.75,8
LT028,Telšių apskritis,LT,56.01,22.17,0,17,1,2,5,25,B,0,1,,1.09,15
LT029,Utenos apskritis,LT,55.48,25.69,0,18,1,2,12,33,B,0,1,,5.01,138
LU000,Luxembourg,LU,49.77,6.1,0,16,4,11,1,32,B,0,338,,0.06,3
TR721,Kayseri,TR,38.61,35.83,3,8,4,2,1,18,A,1,2,,0.21,4
TR722,Sivas,TR,39.57,37.29,3,11,4,2,2,22,A,1,1,,0.25,4
TR723,Yozgat,TR,39.66,35.22,3,11,4,2,3,23,A,1,1,,,
TR811,Zonguldak,TR,41.26,31.81,5,21,4,2,3,35,B,4,1,,,
TR812,Karabük,TR,41.18,32.65,3,16,4,2,3,28,B,1,0,,,
TR813,Bartın,TR,41.58,32.53,3,20,4,2,3,32,B,1,0,,,
TR821,Kastamonu,TR,41.48,33.71,3,18,4,2,3,30,B,1,0,,,
TR822,Çankırı,TR,40.68,33.45,3,14,4,2,3,26,B,1,0,,,
TR823,Sinop,TR,41.64,34.88,3,15,4,2,1,25,B,1,0,,0.02,1
TR831,Samsun,TR,41.22,35.99,9,20,4,3,5,41,C,10,7,,1.39,7
TR832,Tokat,TR,40.37,36.56,3,15,4,2,2,26,B,1,3,,0.64,1
TR833,Çorum,TR,40.57,34.68,3,14,4,2,1,24,A,1,1,,0.01,1
TR834,Amasya,TR,40.7,35.71,3,14,4,2,3,26,B,1,0,,,
TR901,Trabzon,TR,40.81,39.82,5,18,4,3,3,33,B,4,2,,,
TR902,Ordu,TR,40.8,37.5,5,19,4,3,3,34,B,6,2,,,
TR903,Giresun,TR,40.59,38.58,3,15,4,2,3,27,B,2,2,,,
TR904,Rize,TR,40.93,40.85,5,15,4,2,3,29,B,3,3,,,
TR905,Artvin,TR,41.13,41.81,5,17,4,3,3,32,B,4,3,,,
TR906,Gümüşhane,TR,40.34,39.4,3,12,4,2,3,24,A,1,0,,,
TRA11,Erzurum,TR,40.07,41.55,3,11,4,2,1,21,A,1,0,,0.03,1
EL511,Έβρος,EL,41.2,26.16,3,15,7,2,1,28,B,1,5,31.9,0.18,4
EL512,Ξάνθη,EL,41.16,24.9,3,17,8,3,3,34,B,2,6,61.1,0.98,4
EL513,Ροδόπη,EL,41.11,25.51,3,14,7,2,5,31,B,1,1,41.9,1.46,6
EL514,Δράμα,EL,41.3,24.2,5,18,7,3,3,36,B,5,2,25.3,,
EL515,"Θάσος, Καβάλα",EL,40.91,24.43,5,15,8,5,4,37,B,3,31,60.5,1.01,6
EL521,Ημαθία,EL,40.56,22.24,3,12,8,2,3,28,B,2,4,77.1,,
EL522,Θεσσαλονίκη,EL,40.69,23.12,12,14,9,14,7,56,D,22,717,306.1,3.39,6
EL523,Κιλκίς,EL,41.03,22.75,3,16,7,2,4,32,B,2,3,27.8,1.67,4
EL524,Πέλλα,EL,40.88,22.13,5,12,7,3,4,31,B,3,5,49.8,1.55,1
EL525,Πιερία,EL,40.26,22.44,5,13,8,3,3,32,B,6,3,77.1,,
EL526,Σέρρες,EL,41.09,23.51,5,11,7,2,4,29,B,3,2,39.1,1.32,4
EL527,Χαλκιδική,EL,40.33,23.55,5,16,7,5,3,36,B,9,12,35.1,,
EL531,"Γρεβενά, Κοζάνη",EL,40.2,21.6,12,15,7,8,4,46,C,49,8,27.9,1.43,1
EL532,Καστοριά,EL,40.47,21.15,9,14,7,3,4,37,B,13,0,26.4,1.51,1
EL533,Φλώρινα,EL,40.75,21.45,12,12,7,5,10,46,C,20,2,24.3,7.34,6
EL541,"Άρτα, Πρέβεζα",EL,39.24,20.97,3,17,7,2,4,33,B,1,3,44.6,1.21,7
EL542,Θεσπρωτία,EL,39.52,20.41,5,17,7,3,3,35,B,3,5,26.8,,
EL543,Ιωάννινα,EL,39.81,20.81,3,18,7,2,2,32,B,2,4,32.9,0.35,1
EL611,"Καρδίτσα, Τρίκαλα",EL,39.5,21.72,3,11,7,2,2,25,B,1,5,37.5,0.38,2
EL612,Λάρισα,EL,39.71,22.4,3,12,7,3,3,28,B,1,13,49.7,,
EL613,"Μαγνησία, Σποράδες",EL,39.28,23.02,9,13,8,5,3,38,B,15,8,72.8,,
EL621,Ζάκυνθος,EL,37.8,20.75,5,14,8,3,3,33,B,7,3,100.4,,
EL622,Κέρκυρα,EL,39.65,19.82,5,18,8,5,3,39,B,9,19,159.5,,
EL623,"Ιθάκη, Κεφαλληνία",EL,38.25,20.58,3,15,7,3,3,31,B,1,12,43.1,,
EL624,Λευκάδα,EL,38.67,20.68,3,14,8,2,3,30,B,2,3,64.2,,
EL631,Αιτωλοακαρνανία,EL,38.68,21.4,3,15,7,3,9,37,B,2,14,36.3,3.78,11
EL632,Αχαΐα,EL,38.06,21.91,5,16,8,3,1,33,B,4,13,92.8,0.05,1
LV005,Latgale,LV,56.4,27.17,0,18,2,2,10,32,B,0,3,,3.03,122
LV009,Zemgale,LV,56.49,24.72,0,18,2,0,4,24,A,0,0,,0.6,19
LV00A,Rīga,LV,56.98,24.38,0,18,2,0,8,28,B,0,0,,3.41,13
LV00B,Kurzeme,LV,56.93,22.15,0,17,2,0,7,26,B,0,0,,1.32,28
LV00C,Vidzeme,LV,57.3,25.76,0,16,2,0,7,25,B,0,0,,1.1,57
ME000,Црна Гора,ME,42.78,19.25,22,17,0,11,7,57,D,226,19,,2.1,12
MK001,Вардарски,MK,41.56,21.91,5,11,2,3,1,22,A,5,3,,0.02,1
MK002,Источен,MK,41.84,22.52,3,13,2,2,3,23,A,1,1,,,
MK003,Југозападен,MK,41.41,20.9,5,14,2,5,10,36,B,7,25,,8.33,2
MK004,Југоисточен,MK,41.42,22.56,5,16,2,3,3,29,B,7,3,,0.85,2
MK005,Пелагониски,MK,41.17,21.4,3,13,2,2,7,27,B,1,2,,4.03,1
MK006,Полошки,MK,41.85,20.88,3,17,2,2,2,26,B,1,3,,0.5,1
MK007,Североисточен,MK,42.16,21.98,3,13,2,2,3,23,A,2,0,,,
MK008,Скопски,MK,41.95,21.45,16,14,2,8,3,43,C,77,114,,,
MT001,Malta,MT,35.88,14.45,5,15,2,3,3,28,B,4,5,,,
MT002,Gozo and Comino/Għawdex u Kemmuna,MT,36.05,14.25,3,16,2,2,3,26,B,1,0,,,
NL112,Delfzijl en omgeving,NL,53.31,6.91,0,16,4,3,3,26,B,0,14,167.0,0.81,2
NL114,Oost-Groningen,NL,53.08,7.05,0,16,3,0,1,20,A,0,0,,0.08,1
NL115,Overig Groningen,NL,53.27,6.56,3,16,3,2,5,29,B,1,0,,1.33,6
NL126,Zuidoost-Friesland,NL,52.99,6.1,0,16,4,8,3,31,B,0,144,190.6,0.36,5
NL127,Noord-Friesland,NL,53.25,5.86,3,16,3,2,8,32,B,1,0,,2.64,10
NL128,Zuidwest-Friesland,NL,52.96,5.54,0,16,3,0,14,33,B,0,0,,34.68,21
TRA12,Erzincan,TR,39.66,39.28,3,12,4,2,1,22,A,2,0,,0.16,1
TRA13,Bayburt,TR,40.26,40.19,3,11,4,2,3,23,A,1,0,,,
TRA21,Ağrı,TR,39.55,43.27,3,11,4,2,2,22,A,1,0,,0.41,4
TRA22,Kars,TR,40.45,43.06,3,13,4,2,3,25,B,1,0,,0.35,5
TRA23,Iğdır,TR,39.9,43.97,3,9,4,2,1,19,A,1,2,,0.01,1
TRA24,Ardahan,TR,41.12,42.8,3,15,4,2,5,29,B,1,1,,2.2,2
TRB11,Malatya,TR,38.52,38.13,3,9,4,2,5,23,A,1,2,,2.31,3
TRB12,Elazığ,TR,38.65,39.41,5,4,4,2,9,24,A,3,0,,4.97,5
TRB13,Bingöl,TR,39.05,40.65,3,4,4,2,3,16,A,1,0,,,
TRB14,Tunceli,TR,39.19,39.49,3,4,4,2,6,19,A,1,0,,3.37,2
TRB21,Van,TR,38.46,43.59,3,4,4,2,13,26,B,1,0,,10.16,10
TRB22,Muş,TR,39.0,41.84,3,4,4,2,3,16,A,1,0,,0.32,5
TRB23,Bitlis,TR,38.53,42.37,3,4,4,2,12,25,B,1,0,,20.04,5
TRB24,Hakkari,TR,37.46,44.08,3,4,4,2,3,16,A,1,0,,,
TRC11,Gaziantep,TR,37.09,37.37,3,4,4,2,1,14,A,1,2,,0.16,2
TRC12,Adıyaman,TR,37.79,38.28,3,4,4,2,6,19,A,1,2,,2.43,5
TRC13,Kilis,TR,36.79,37.14,3,4,4,2,3,16,A,1,0,,,
TRC21,Şanlıurfa,TR,37.24,39.09,3,4,4,2,2,15,A,1,2,,0.66,2
TRC22,Diyarbakır,TR,38.11,40.34,3,4,4,2,4,17,A,1,3,,1.28,4
TRC31,Mardin,TR,37.35,40.83,3,4,4,2,1,14,A,1,2,,0.1,1
TRC32,Batman,TR,37.96,41.38,3,4,4,2,9,22,A,1,0,,5.92,2
BE332,Arr. Liège,BE,50.62,5.61,9,4,8,3,3,27,B,13,3,804.4,,
BE334,Arr. Waremme,BE,50.67,5.2,0,4,7,0,3,14,A,0,0,215.6,,
BE335,Arr. Verviers — communes francophones,BE,50.5,5.92,0,4,6,2,1,13,A,0,3,183.0,0.2,2
BE336,Bezirk Verviers — Deutschsprachige Gemeinschaft,BE,50.39,6.17,0,4,6,0,2,12,A,0,0,94.7,0.27,2
BE341,Arr. Arlon,BE,49.69,5.78,12,4,7,5,3,31,B,35,0,207.3,,
BE342,Arr. Bastogne,BE,50.08,5.74,0,4,5,2,1,12,A,0,7,49.5,0.11,1
BE343,Arr. Marche-en-Famenne,BE,50.22,5.49,0,4,6,2,3,15,A,0,1,61.4,,
BE344,Arr. Neufchâteau,BE,49.91,5.29,3,4,5,2,3,17,A,1,0,48.8,,
BE345,Arr. Virton,BE,49.66,5.5,0,4,6,0,1,11,A,0,0,71.0,0.09,1
BE351,Arr. Dinant,BE,50.16,5.03,12,4,6,5,3,30,B,40,1,71.9,,
BE352,Arr. Namur,BE,50.46,4.86,0,4,7,2,3,16,A,0,1,279.3,,
BE353,Arr. Philippeville,BE,50.15,4.56,0,4,6,0,3,13,A,0,0,75.0,0.8,1
BG311,Видин,BG,43.8,22.7,3,4,2,2,4,15,A,1,4,24.2,1.49,3
BG312,Монтана,BG,43.51,23.21,3,4,2,2,2,13,A,1,5,32.3,0.54,2
BG313,Враца,BG,43.39,23.75,9,4,2,5,1,21,A,10,13,41.4,0.21,1
BG314,Плевен,BG,43.48,24.6,5,4,2,3,3,17,A,9,8,47.9,0.53,5
BG315,Ловеч,BG,43.02,24.55,5,4,2,3,1,15,A,4,4,27.3,0.08,2
BG321,Велико Търново,BG,43.19,25.62,5,4,2,3,2,16,A,8,9,43.9,0.48,2
BG322,Габрово,BG,42.94,25.23,3,4,2,3,1,13,A,2,6,47.3,0.09,2
BG323,Русе,BG,43.67,25.98,3,4,3,3,5,18,A,2,6,67.2,1.78,1
BG324,Разград,BG,43.64,26.58,5,4,2,3,1,15,A,4,6,41.9,0.1,1
BG325,Силистра,BG,43.94,27.01,3,4,2,2,3,14,A,2,3,34.0,1.02,3
BG331,Варна,BG,43.19,27.59,9,4,3,5,2,23,A,16,60,114.5,0.47,2
BG332,Добрич,BG,43.65,27.94,5,4,2,3,1,15,A,5,10,31.2,0.06,2
BG333,Шумен,BG,43.3,27.0,3,4,2,3,1,13,A,2,7,44.4,0.05,2
BG334,Търговище,BG,43.25,26.36,5,4,2,2,1,14,A,3,1,35.6,0.06,3
BG341,Бургас,BG,42.49,27.32,5,4,2,5,3,19,A,7,22,50.0,0.83,4
BG342,Сливен,BG,42.68,26.24,5,4,2,3,1,15,A,4,5,48.4,0.07,2
BG343,Ямбол,BG,42.29,26.63,5,4,2,3,1,15,A,6,10,32.0,0.21,2
BG344,Стара Загора,BG,42.43,25.55,5,4,3,5,3,20,A,6,29,57.1,0.42,9
BG411,София (столица),BG,42.68,23.38,9,4,4,5,4,26,B,14,80,982.9,1.3,3
EL633,Ηλεία,EL,37.75,21.56,5,4,8,3,2,22,A,5,1,58.3,0.75,4
EL641,Βοιωτία,EL,38.36,23.09,3,4,7,2,3,19,A,1,6,36.3,0.85,1
EL642,Εύβοια,EL,38.53,23.83,3,4,8,2,2,19,A,1,5,50.7,0.47,2
EL643,Ευρυτανία,EL,38.97,21.68,3,4,7,2,6,22,A,1,0,9.5,2.71,1
EL644,Φθιώτιδα,EL,38.86,22.52,3,4,7,2,3,19,A,2,2,30.4,,
EL645,Φωκίδα,EL,38.54,22.25,5,4,7,3,3,22,A,5,1,17.3,,
EL651,"Αργολίδα, Αρκαδία",EL,37.52,22.51,5,4,7,2,1,19,A,3,3,25.6,0.06,2
EL652,Κορινθία,EL,37.92,22.71,3,4,8,2,1,18,A,2,1,59.8,0.21,2
EL653,"Λακωνία, Μεσσηνία",EL,36.99,22.32,9,4,7,5,3,28,B,13,25,34.5,,
ES111,A Coruña,ES,43.11,-8.45,0,4,18,14,4,40,C,0,521,142.7,0.8,6
ES112,Lugo,ES,43.01,-7.44,3,4,18,5,3,33,B,1,76,33.1,0.48,6
ES113,Ourense,ES,42.19,-7.59,0,4,18,5,5,32,B,0,90,42.3,1.03,12
ES114,Pontevedra,ES,42.43,-8.45,5,4,19,17,1,46,C,3,2825,212.3,0.21,2
ES120,Asturias,ES,43.3,-5.98,3,4,18,11,1,37,B,2,387,95.4,0.16,3
ES130,Cantabria,ES,43.19,-4.04,3,4,18,8,3,36,B,1,165,111.9,0.95,3
ES211,Araba/Álava,ES,42.84,-2.71,0,4,18,5,3,30,B,0,78,112.0,0.86,3
ES212,Gipuzkoa,ES,43.14,-2.21,9,4,19,14,3,49,C,16,798,369.1,,
ES213,Bizkaia,ES,43.24,-2.87,5,4,20,14,3,46,C,9,870,524.4,,
ES220,Navarra,ES,42.67,-1.64,3,4,18,11,3,39,B,1,269,65.3,0.69,8
ES230,La Rioja,ES,42.28,-2.51,0,4,18,5,3,30,B,0,86,64.2,0.64,7
ES241,Huesca,ES,42.2,-0.07,9,4,18,8,6,45,C,10,149,14.7,0.75,25
ES242,Teruel,ES,40.66,-0.83,5,4,18,5,4,36,B,3,50,9.1,0.36,13
NL131,Noord-Drenthe,NL,52.99,6.58,3,4,4,11,1,23,A,1,282,185.5,0.04,2
NL132,Zuidoost-Drenthe,NL,52.79,6.85,0,4,4,5,3,16,A,0,53,185.4,,
NL133,Zuidwest-Drenthe,NL,52.76,6.36,0,4,4,8,3,19,A,0,123,196.6,,
NL211,Noord-Overijssel,NL,52.6,6.22,3,4,4,11,7,29,B,2,442,268.4,3.35,9
NL212,Zuidwest-Overijssel,NL,52.34,6.23,0,4,4,8,3,19,A,0,104,381.6,,
NL213,Twente,NL,52.32,6.71,3,4,4,11,3,25,B,2,365,426.0,,
NL221,Veluwe,NL,52.22,5.81,3,4,4,14,5,30,B,1,816,392.1,2.32,3
NL224,Zuidwest-Gelderland,NL,51.86,5.32,0,4,4,11,7,26,B,0,258,363.0,4.18,2
NL225,Achterhoek,NL,52.04,6.42,0,4,4,11,3,22,A,0,485,261.6,,
NL226,Arnhem/Nijmegen,NL,51.91,5.9,0,4,5,14,7,30,B,0,1168,836.7,3.56,2
NL230,Flevoland,NL,52.55,5.51,3,4,4,11,11,33,B,1,307,312.0,42.96,4
NL321,Kop van Noord-Holland,NL,52.82,5.0,0,4,4,11,11,30,B,0,408,350.1,25.07,4
NL323,IJmond,NL,52.5,4.66,0,4,6,8,4,22,A,0,145,1233.4,1.67,2
NL325,Zaanstreek,NL,52.48,4.8,0,4,6,5,9,24,A,0,78,1451.5,6.25,2
NL327,Het Gooi en Vechtstreek,NL,52.28,5.15,0,4,6,8,13,31,B,0,141,1215.3,25.31,12
NL328,Alkmaar en omgeving,NL,52.64,4.76,3,4,5,11,3,26,B,1,239,853.2,1.18,2
NL32A,Agglomeratie Haarlem,NL,52.37,4.59,0,4,3,0,2,9,A,0,0,,0.5,1
NL32B,Groot-Amsterdam,NL,52.39,4.88,3,4,3,2,13,25,B,1,0,,11.3,11
NL341,Zeeuwsch-Vlaanderen,NL,51.31,3.79,0,4,4,5,3,16,A,0,91,142.7,0.66,5
NL342,Overig Zeeland,NL,51.56,3.99,3,4,4,8,4,23,A,1,156,269.0,1.45,1
NL350,Utrecht,NL,52.08,5.16,5,4,3,2,8,22,A,4,0,,2.85,12
NL361,Agglomeratie ’s-Gravenhage,NL,52.08,4.39,0,4,3,0,2,9,A,0,0,,0.47,1
NL362,Delft en Westland,NL,51.99,4.27,3,4,3,2,3,15,A,1,0,,,
NL363,Agglomeratie Leiden en Bollenstreek,NL,52.21,4.53,0,4,3,0,6,13,A,0,0,,3.42,3
NL364,Zuidoost-Zuid-Holland,NL,51.84,4.79,3,4,3,2,11,23,A,1,0,,10.94,2
NL365,Oost-Zuid-Holland,NL,52.06,4.73,0,4,3,0,8,15,A,0,0,,3.27,10
NL366,Groot-Rijnmond,NL,51.84,4.32,5,4,3,2,9,23,A,3,0,,4.6,6
NL411,West-Noord-Brabant,NL,51.57,4.55,5,4,5,14,5,33,B,3,508,525.5,2.38,1
NL414,Zuidoost-Noord-Brabant,NL,51.41,5.51,3,4,5,14,1,27,B,1,989,554.8,0.19,4
NL415,Midden-Noord-Brabant,NL,51.6,5.01,3,4,3,2,6,18,A,1,0,,2.62,3
NL416,Noordoost-Noord-Brabant,NL,51.67,5.55,3,4,3,2,2,14,A,1,0,,0.71,4
NL421,Noord-Limburg,NL,51.47,6.03,5,4,4,11,1,25,B,6,375,345.8,0.24,4
NL422,Midden-Limburg,NL,51.2,5.88,3,4,4,11,6,28,B,2,261,362.3,2.3,6
NL423,Zuid-Limburg,NL,50.88,5.87,0,4,5,11,3,23,A,0,436,920.1,,
NO020,Innlandet,NO,61.44,10.43,3,4,4,2,10,23,A,1,0,,3.47,355
TRC33,Şırnak,TR,37.47,42.52,3,4,4,2,2,15,A,1,0,,0.39,1
TRC34,Siirt,TR,37.91,42.13,3,4,4,2,5,18,A,1,0,,2.48,3
BG412,София,BG,42.7,23.6,5,4,2,3,2,16,A,5,17,32.2,0.28,3
BG413,Благоевград,BG,41.72,23.44,9,4,2,5,1,21,A,14,5,44.7,0.09,3
BG414,Перник,BG,42.62,22.86,3,4,2,2,1,12,A,1,6,46.8,0.09,2
BG415,Кюстендил,BG,42.27,22.86,5,4,2,2,3,16,A,4,0,35.5,,
BG421,Пловдив,BG,42.26,24.81,5,4,3,5,4,21,A,7,30,107.1,0.31,10
BG422,Хасково,BG,41.85,25.92,5,4,2,3,5,19,A,4,4,37.9,0.76,13
BG423,Пазарджик,BG,42.14,24.15,3,4,3,3,4,17,A,1,11,51.4,0.91,6
BG424,Смолян,BG,41.63,24.66,3,4,2,2,1,12,A,1,1,29.1,0.18,1
BG425,Кърджали,BG,41.53,25.44,3,4,2,2,3,14,A,1,1,45.7,1.2,2
CH011,Vaud,CH,46.57,6.65,3,4,0,2,12,21,A,1,6,,14.33,5
CH012,Valais / Wallis,CH,46.21,7.61,3,4,0,2,1,10,A,1,4,,0.17,4
CH013,Genève,CH,46.23,6.13,22,4,0,14,11,51,C,362,5,,14.36,1
CH021,Bern / Berne,CH,46.83,7.62,3,4,0,3,6,16,A,1,12,,1.85,9
CH022,Fribourg / Freiburg,CH,46.72,7.07,3,4,0,2,7,16,A,1,0,,3.98,4
CH023,Solothurn,CH,47.31,7.65,3,4,0,2,3,12,A,1,4,,,
CH024,Neuchâtel,CH,47.0,6.78,0,4,0,0,11,15,A,0,0,,12.28,2
CH025,Jura,CH,47.36,7.17,0,4,0,0,3,7,A,0,0,,,
CH031,Basel-Stadt,CH,47.56,7.59,5,4,0,3,3,15,A,6,4,,,
CH032,Basel-Landschaft,CH,47.46,7.68,3,4,0,2,3,12,A,1,5,,,
CH033,Aargau,CH,47.42,8.15,3,4,0,3,2,12,A,1,11,,0.63,1
CH040,Zürich,CH,47.42,8.65,5,4,0,5,7,21,A,3,30,,3.96,4
CH051,Glarus,CH,46.99,9.06,0,4,0,0,3,7,A,0,0,,,
CH052,Schaffhausen,CH,47.72,8.6,0,4,0,2,3,9,A,0,3,,0.97,1
CH053,Appenzell Ausserrhoden,CH,47.36,9.37,0,4,0,2,3,9,A,0,1,,,
CH054,Appenzell Innerrhoden,CH,47.31,9.4,0,4,0,0,3,7,A,0,0,,,
CH055,St. Gallen,CH,47.24,9.28,3,4,0,2,7,16,A,1,1,,3.89,3
CH056,Graubünden / Grigioni / Grischun,CH,46.66,9.62,3,4,0,3,1,11,A,2,12,,0.11,4
ES243,Zaragoza,ES,41.61,-1.06,12,4,18,11,6,51,C,24,489,57.4,0.75,22
ES300,Madrid,ES,40.49,-3.71,5,4,20,17,4,50,C,9,2491,870.6,0.65,10
ES411,Ávila,ES,40.57,-4.94,3,4,18,5,3,33,B,1,51,19.9,0.39,7
ES412,Burgos,ES,42.37,-3.59,0,4,18,8,2,32,B,0,101,25.1,0.19,7
ES413,León,ES,42.63,-5.84,0,4,18,5,4,31,B,0,74,28.9,0.51,10
ES414,Palencia,ES,42.36,-4.53,0,4,18,5,3,30,B,0,35,19.7,0.46,6
ES415,Salamanca,ES,40.81,-6.06,0,4,18,5,4,31,B,0,53,26.7,0.94,8
ES416,Segovia,ES,41.17,-4.06,3,4,18,5,1,31,B,2,62,22.5,0.23,4
ES417,Soria,ES,41.63,-2.6,0,4,18,3,1,26,B,0,10,8.7,0.21,2
ES418,Valladolid,ES,41.64,-4.85,0,4,18,5,1,28,B,0,88,64.7,0.16,2
ES419,Zamora,ES,41.73,-5.99,0,4,18,3,8,33,B,0,28,16.0,1.77,20
ES421,Albacete,ES,38.83,-1.98,5,4,18,8,4,39,B,6,165,26.1,0.48,13
ES422,Ciudad Real,ES,38.93,-3.83,3,4,18,8,3,36,B,1,111,24.9,0.2,11
ES423,Cuenca,ES,39.9,-2.19,0,4,18,5,4,31,B,0,51,11.7,0.91,8
ES424,Guadalajara,ES,40.81,-2.63,3,4,18,5,4,34,B,1,38,22.8,0.81,6
ES425,Toledo,ES,39.79,-4.16,3,4,18,11,4,40,C,1,201,48.3,0.37,11
ES431,Badajoz,ES,38.71,-6.14,0,4,18,11,6,39,B,0,214,31.2,1.49,18
NO060,Trøndelag/Trööndelage,NO,63.76,11.36,3,4,4,2,10,23,A,1,0,,3.48,367
NO071,Nordland/Nordlánnda,NO,66.89,14.71,3,4,4,2,10,23,A,1,1,,2.84,336
NO072,Troms/Romsa/Tromssa,NO,69.27,19.48,0,4,4,0,8,16,A,0,0,,1.5,164
NO073,Finnmark/Finnmárku/Finmarkku,NO,69.93,25.83,3,4,4,2,9,22,A,1,0,,1.98,506
NO081,Oslo,NO,59.97,10.73,3,4,4,2,6,19,A,1,0,,2.47,7
NO083,Østfold,NO,59.36,11.29,0,4,4,0,12,20,A,0,0,,6.71,41
CH057,Thurgau,CH,47.56,9.09,0,4,0,0,8,12,A,0,0,,5.76,1
CH061,Luzern,CH,47.07,8.12,0,4,0,0,8,12,A,0,0,,4.25,6
CH062,Uri,CH,46.77,8.63,5,4,0,2,4,15,A,3,1,,1.44,1
CH063,Schwyz,CH,47.06,8.75,0,4,0,0,9,13,A,0,0,,4.99,7
CH064,Obwalden,CH,46.85,8.25,0,4,0,0,5,9,A,0,0,,1.92,2
CH065,Nidwalden,CH,46.94,8.41,3,4,0,2,11,20,A,1,0,,13.43,2
CH066,Zug,CH,47.16,8.53,0,4,0,2,11,17,A,0,2,,14.93,2
CH070,Ticino,CH,46.29,8.81,22,4,0,11,7,44,C,235,17,,2.61,5
CY000,Κύπρος,CY,35.06,33.23,16,4,2,8,4,34,B,54,153,,0.34,19
CZ010,Hlavní město Praha,CZ,50.06,14.47,3,4,10,3,3,23,A,2,9,2826.9,,
CZ020,Středočeský kraj,CZ,50.0,14.56,0,4,7,2,4,17,A,0,6,135.1,0.26,18
CZ031,Jihočeský kraj,CZ,49.09,14.44,3,4,7,2,8,24,A,1,7,68.0,1.48,95
CZ032,Plzeňský kraj,CZ,49.6,13.23,0,4,7,2,4,17,A,0,1,81.0,0.25,16
CZ041,Karlovarský kraj,CZ,50.17,12.75,0,4,7,2,3,16,A,0,1,90.8,0.43,6
CZ042,Ústecký kraj,CZ,50.53,13.85,3,4,7,2,3,19,A,1,0,155.1,0.41,6
CZ051,Liberecký kraj,CZ,50.71,14.99,0,4,7,0,1,12,A,0,0,144.4,0.21,3
CZ052,Královéhradecký kraj,CZ,50.38,15.86,3,4,7,2,1,17,A,1,1,118.8,0.03,3
CZ053,Pardubický kraj,CZ,49.9,16.2,0,4,7,2,2,15,A,0,4,118.9,0.1,8
CZ063,Kraj Vysočina,CZ,49.41,15.67,3,4,7,2,3,19,A,1,2,77.4,0.21,16
CZ064,Jihomoravský kraj,CZ,49.08,16.64,3,4,7,3,1,18,A,2,9,173.8,0.16,4
CZ071,Olomoucký kraj,CZ,49.78,17.19,3,4,7,2,1,17,A,1,2,121.3,0.02,1
CZ072,Zlínský kraj,CZ,49.22,17.75,0,4,7,2,1,14,A,0,1,148.5,0.01,1
CZ080,Moravskoslezský kraj,CZ,49.82,17.98,3,4,8,2,1,18,A,1,4,223.8,0.07,2
DE111,"Stuttgart, Stadtkreis",DE,48.78,9.18,5,4,18,3,2,32,B,4,7,2973.7,0.43,1
DE112,Böblingen,DE,48.68,8.95,0,4,17,2,3,26,B,0,2,635.6,,
DE113,Esslingen,DE,48.66,9.35,3,4,17,3,3,30,B,1,10,834.2,,
DE114,Göppingen,DE,48.67,9.72,0,4,16,2,3,25,B,0,3,402.3,,
DE115,Ludwigsburg,DE,48.94,9.11,5,4,17,5,3,34,B,4,22,778.8,,
DE116,Rems-Murr-Kreis,DE,48.9,9.5,5,4,17,3,3,32,B,5,2,511.8,,
DE117,"Heilbronn, Stadtkreis",DE,49.14,9.2,0,4,18,3,3,28,B,0,17,1307.9,,
DE118,"Heilbronn, Landkreis",DE,49.17,9.17,5,4,16,3,3,31,B,4,7,321.0,,
DE119,Hohenlohekreis,DE,49.28,9.61,0,4,15,0,3,22,A,0,0,147.9,,
DE11A,Schwäbisch Hall,DE,49.15,9.9,3,4,15,2,3,27,B,1,3,134.5,,
ES432,Cáceres,ES,39.71,-6.16,0,4,18,11,7,40,C,0,217,19.9,2.39,15
ES511,Barcelona,ES,41.73,1.98,22,4,20,19,1,66,D,502,11389,756.6,0.24,3
ES512,Girona,ES,42.13,2.67,16,4,18,17,3,58,D,95,2422,138.2,0.32,6
ES513,Lleida,ES,42.05,1.05,12,4,18,11,4,49,C,23,434,37.1,0.74,19
ES514,Tarragona,ES,41.09,0.82,16,4,18,14,3,55,D,87,1246,136.8,0.59,6
ES521,Alicante/Alacant,ES,38.49,-0.57,22,4,19,17,3,65,D,226,2826,342.3,0.71,5
ES522,Castellón/Castelló,ES,40.24,-0.15,12,4,18,14,1,49,C,48,1420,92.1,0.2,4
ES523,Valencia/València,ES,39.36,-0.79,19,4,19,19,5,66,D,193,3538,249.7,1.01,10
ES531,Eivissa y Formentera,ES,38.96,1.41,9,4,19,8,2,42,C,19,139,265.1,0.39,1
ES532,Mallorca,ES,39.61,2.96,16,4,19,17,1,57,D,97,1604,261.2,0.0,1
ES533,Menorca,ES,39.98,4.01,5,4,18,14,1,42,C,9,591,144.6,0.12,1
ES611,Almería,ES,37.2,-2.34,12,4,18,14,1,49,C,31,663,86.4,0.02,2
ES612,Cádiz,ES,36.55,-5.76,16,4,18,14,3,55,D,62,1333,171.9,0.72,6
ES613,Córdoba,ES,37.99,-4.81,12,4,18,14,5,53,C,45,519,56.8,0.78,13
ES614,Granada,ES,37.31,-3.26,12,4,18,14,3,51,C,45,974,74.4,0.26,5
ES615,Huelva,ES,37.57,-6.83,9,4,18,11,4,46,C,12,463,53.7,0.49,10
ES616,Jaén,ES,38.02,-3.45,5,4,18,5,4,36,B,3,70,46.4,0.83,9
ES617,Málaga,ES,36.81,-4.73,16,4,19,17,2,58,D,99,2440,242.8,0.42,4
ES618,Sevilla,ES,37.43,-5.69,19,4,18,17,2,60,D,177,2712,141.5,0.24,6
ES620,Murcia,ES,38.0,-1.48,16,4,18,14,3,55,D,96,1405,138.0,0.29,5
ES630,Ceuta,ES,35.9,-5.36,3,4,22,5,3,37,B,2,41,4155.8,,
ES640,Melilla,ES,35.29,-2.95,0,4,22,3,3,32,B,0,27,6124.2,,
ES703,El Hierro,ES,27.74,-18.01,0,4,18,2,3,27,B,0,1,43.9,,
ES704,Fuerteventura,ES,28.38,-14.07,0,4,18,3,3,28,B,0,16,75.8,,
NO084,Akershus,NO,60.0,11.06,0,4,4,0,11,19,A,0,0,,4.49,53
NO085,Buskerud,NO,60.3,9.07,3,4,4,2,11,24,A,1,0,,4.14,123
NO092,Agder,NO,58.69,7.63,3,4,4,2,10,23,A,1,0,,3.43,288
NO093,Vestfold,NO,59.32,10.13,0,4,4,0,8,16,A,0,0,,2.65,16
NO094,Telemark,NO,59.52,8.53,3,4,4,2,12,25,B,1,0,,5.81,189
NO0A1,Rogaland,NO,59.14,6.21,3,4,4,2,10,23,A,1,0,,3.46,151
NO0A2,Vestland,NO,60.93,6.41,3,4,4,2,9,22,A,1,3,,2.03,377
NO0A3,Møre og Romsdal,NO,62.53,7.51,3,4,4,2,8,21,A,1,1,,1.27,109
NO0B1,Jan Mayen,NO,71.0,-8.42,0,4,4,2,4,14,A,0,1,,1.52,3
DE11B,Main-Tauber-Kreis,DE,49.56,9.73,0,4,15,0,3,22,A,0,0,102.2,,
DE11C,Heidenheim,DE,48.66,10.18,0,4,16,2,1,23,A,0,1,215.3,0.1,1
DE11D,Ostalbkreis,DE,48.88,10.08,3,4,16,2,3,28,B,1,7,209.8,,
DE121,"Baden-Baden, Stadtkreis",DE,48.74,8.24,3,4,16,2,3,28,B,1,3,405.1,,
DE122,"Karlsruhe, Stadtkreis",DE,49.02,8.39,5,4,18,3,5,35,B,3,5,1819.0,2.29,2
DE123,"Karlsruhe, Landkreis",DE,49.08,8.56,16,4,16,11,1,48,C,94,30,425.8,0.09,3
DE124,Rastatt,DE,48.77,8.23,5,4,16,3,2,30,B,4,9,319.5,0.44,4
DE125,"Heidelberg, Stadtkreis",DE,49.41,8.71,12,4,18,11,3,48,C,20,292,1447.4,,
DE126,"Mannheim, Stadtkreis",DE,49.5,8.5,5,4,18,3,3,33,B,4,6,2254.3,,
DE127,Neckar-Odenwald-Kreis,DE,49.47,9.28,0,4,15,3,3,25,B,0,10,129.4,,
DE128,Rhein-Neckar-Kreis,DE,49.37,8.76,5,4,17,5,3,34,B,8,55,528.5,,
DE129,"Pforzheim, Stadtkreis",DE,48.87,8.71,0,4,18,0,3,25,B,0,0,1372.4,,
DE12A,Calw,DE,48.68,8.63,3,4,16,2,3,28,B,1,2,201.6,,
DE12B,Enzkreis,DE,48.92,8.74,3,4,16,2,3,28,B,1,1,347.4,,
DE12C,Freudenstadt,DE,48.48,8.46,0,4,15,2,1,22,A,0,3,140.0,0.09,1
DE131,"Freiburg im Breisgau, Stadtkreis",DE,48.0,7.83,12,4,18,5,3,42,C,30,22,1540.0,,
DE132,Breisgau-Hochschwarzwald,DE,47.92,7.94,9,4,15,5,2,35,B,12,25,198.2,0.36,3
DE133,Emmendingen,DE,48.14,7.9,3,4,16,2,3,28,B,2,2,249.2,,
DE134,Ortenaukreis,DE,48.42,8.01,9,4,16,5,1,35,B,12,13,239.9,0.07,2
DE135,Rottweil,DE,48.25,8.52,0,4,15,2,3,24,A,0,3,182.3,,
DE136,Schwarzwald-Baar-Kreis,DE,48.01,8.42,3,4,16,2,3,28,B,1,0,208.1,,
DE137,Tuttlingen,DE,48.01,8.79,0,4,15,2,3,24,A,0,1,196.6,,
DE138,Konstanz,DE,47.78,8.91,0,4,16,2,10,32,B,0,7,377.3,7.89,3
DE139,Lörrach,DE,47.7,7.78,9,4,16,5,1,35,B,12,8,294.6,0.01,1
DE13A,Waldshut,DE,47.7,8.22,0,4,15,2,2,23,A,0,3,152.4,0.56,1
DE141,Reutlingen,DE,48.42,9.36,0,4,16,3,3,26,B,0,15,267.7,,
DE142,"Tübingen, Landkreis",DE,48.48,8.97,0,4,16,2,3,25,B,0,1,447.8,,
DE143,Zollernalbkreis,DE,48.26,8.93,0,4,16,0,3,23,A,0,0,210.3,,
DE144,"Ulm, Stadtkreis",DE,48.39,9.95,0,4,18,2,3,27,B,0,5,1079.5,,
DE145,Alb-Donau-Kreis,DE,48.41,9.82,0,4,15,2,1,22,A,0,6,148.3,0.04,1
DE146,Biberach,DE,48.11,9.76,3,4,15,2,1,25,B,1,1,146.5,0.11,1
DE147,Bodenseekreis,DE,47.71,9.39,0,4,16,2,11,33,B,0,9,494.2,27.83,1
DE148,Ravensburg,DE,47.83,9.8,0,4,15,2,1,22,A,0,3,177.2,0.09,2
DE149,Sigmaringen,DE,48.03,9.24,0,4,15,2,1,22,A,0,4,110.5,0.11,3
DE211,"Ingolstadt, Kreisfreie Stadt",DE,48.76,11.39,0,4,18,2,3,27,B,0,1,1068.5,,
DE212,"München, Kreisfreie Stadt",DE,48.16,11.54,0,4,18,2,2,26,B,0,5,4805.2,0.49,1
DE213,"Rosenheim, Kreisfreie Stadt",DE,47.85,12.11,0,4,18,2,3,27,B,0,1,1731.0,,
DE214,Altötting,DE,48.21,12.72,0,4,16,2,2,24,A,0,3,200.1,0.4,1
DE215,Berchtesgadener Land,DE,47.71,12.89,0,4,15,2,2,23,A,0,2,125.9,0.56,2
ES705,Gran Canaria,ES,27.95,-15.6,0,4,20,8,3,35,B,0,132,556.8,,
ES706,La Gomera,ES,28.11,-17.24,0,4,18,2,3,27,B,0,3,61.1,,
ES707,La Palma,ES,28.74,-17.88,0,4,18,3,3,28,B,0,12,120.4,,
ES708,Lanzarote,ES,29.02,-13.65,0,4,18,3,3,28,B,0,15,191.2,,
ES709,Tenerife,ES,28.29,-16.56,3,4,19,8,3,37,B,1,198,470.0,,
FI196,Satakunta,FI,61.53,22.13,0,4,1,0,12,17,A,0,0,,4.62,50
FI198,Keski-Suomi,FI,62.56,25.44,0,4,1,0,15,20,A,0,0,,13.99,232
FI199,Etelä-Pohjanmaa,FI,62.74,23.04,0,4,1,0,10,15,A,0,0,,2.92,76
FI19A,Pohjanmaa,FI,63.09,22.11,0,4,1,0,5,10,A,0,0,,0.61,34
FI19B,Pirkanmaa,FI,61.69,23.76,0,4,1,0,15,20,A,0,0,,12.73,144
FI1B1,Helsinki-Uusimaa,FI,60.34,24.72,0,4,1,2,11,18,A,0,1,,3.92,109
FI1C1,Varsinais-Suomi,FI,60.53,22.46,0,4,1,2,6,13,A,0,2,,0.89,39
FI1C2,Kanta-Häme,FI,60.92,24.32,0,4,1,0,13,18,A,0,0,,6.99,77
FI1C5,Etelä-Karjala,FI,61.2,28.37,0,4,1,0,15,20,A,0,0,,20.93,146
FI1C6,Päijät-Häme,FI,61.18,25.76,0,4,1,0,15,20,A,0,0,,16.19,83
FI1C7,Kymenlaakso,FI,60.8,26.98,0,4,1,0,13,18,A,0,0,,6.74,86
FI1D5,Keski-Pohjanmaa,FI,63.61,24.07,0,4,1,0,8,13,A,0,0,,2.23,30
FI1D7,Lappi,FI,67.73,26.33,0,4,1,2,12,19,A,0,2,,4.57,694
NO0B2,Svalbard,NO,78.9,18.49,0,4,4,0,3,11,A,0,0,,,
PL213,Miasto Kraków,PL,50.05,19.93,3,4,9,2,3,21,A,1,4,2488.3,,
PL214,Krakowski,PL,50.08,20.09,3,4,6,2,3,18,A,1,6,186.9,,
PL217,Tarnowski,PL,50.01,20.9,3,4,6,2,1,16,A,1,0,164.5,0.06,2
PL218,Nowosądecki,PL,49.6,20.75,3,4,6,2,2,17,A,1,0,146.5,0.35,1
PL219,Nowotarski,PL,49.5,19.92,3,4,6,2,1,16,A,1,0,122.0,0.02,2
PL21A,Oświęcimski,PL,50.08,19.49,3,4,7,2,1,17,A,1,3,259.6,0.1,1
PL224,Częstochowski,PL,50.81,19.2,3,4,6,2,1,16,A,1,2,157.1,0.02,1
PL225,Bielski,PL,49.71,19.04,3,4,7,2,3,19,A,1,0,278.3,0.95,3
PL227,Rybnicki,PL,50.08,18.41,3,4,7,2,3,19,A,1,1,443.2,,
PL228,Bytomski,PL,50.57,18.8,3,4,7,2,1,17,A,1,1,257.2,0.21,1
PL229,Gliwicki,PL,50.35,18.58,3,4,7,2,1,17,A,1,0,492.1,0.08,1
PL22A,Katowicki,PL,50.24,19.01,3,4,9,2,3,21,A,1,7,1797.6,,
PL22B,Sosnowiecki,PL,50.44,19.45,3,4,7,2,3,19,A,1,1,355.1,,
PL22C,Tyski,PL,50.06,18.92,3,4,7,2,4,20,A,1,2,430.1,1.43,2
PL411,Pilski,PL,53.08,16.83,3,4,6,2,6,21,A,1,0,60.0,1.1,42
PL414,Koniński,PL,52.29,18.12,3,4,6,2,7,22,A,1,5,98.8,1.4,37
PL415,Miasto Poznań,PL,52.41,16.91,3,4,9,3,4,23,A,2,6,2084.9,1.33,2
PL416,Kaliski,PL,51.69,17.86,3,4,6,2,2,17,A,1,3,111.4,0.08,7
PL417,Leszczyński,PL,52.09,16.48,3,4,6,2,7,22,A,1,2,91.8,1.03,55
PL418,Poznański,PL,52.43,16.87,0,4,6,0,6,16,A,0,0,146.8,0.83,36
DE216,Bad Tölz-Wolfratshausen,DE,47.73,11.49,0,4,15,2,5,26,B,0,1,119.3,2.19,4
DE217,Dachau,DE,48.33,11.36,3,4,16,2,3,28,B,1,3,262.1,,
DE218,Ebersberg,DE,48.08,11.91,0,4,16,0,1,21,A,0,0,260.7,0.08,3
DE219,Eichstätt,DE,48.9,11.36,0,4,15,2,3,24,A,0,1,111.2,,
DE21A,Erding,DE,48.29,11.99,0,4,15,0,1,20,A,0,0,159.9,0.15,2
DE21B,Freising,DE,48.45,11.74,0,4,16,2,1,23,A,0,1,229.0,0.09,1
DE21C,Fürstenfeldbruck,DE,48.18,11.23,0,4,16,3,3,26,B,0,13,497.0,,
DE21D,Garmisch-Partenkirchen,DE,47.55,11.14,0,4,15,0,3,22,A,0,0,89.3,1.17,4
DE21E,Landsberg am Lech,DE,48.04,10.95,0,4,15,0,8,27,B,0,0,160.6,4.79,1
DE21F,Miesbach,DE,47.75,11.81,0,4,15,0,4,23,A,0,0,113.2,1.31,3
DE21G,Mühldorf a. Inn,DE,48.24,12.38,0,4,15,2,3,24,A,0,1,150.8,,
DE21H,"München, Landkreis",DE,48.07,11.63,3,4,17,2,2,28,B,1,4,534.1,0.47,2
DE21I,Neuburg-Schrobenhausen,DE,48.66,11.2,0,4,15,0,1,20,A,0,0,134.4,0.04,1
DE21J,Pfaffenhofen a. d. Ilm,DE,48.6,11.52,0,4,15,2,1,22,A,0,1,171.1,0.07,1
DE21K,"Rosenheim, Landkreis",DE,47.88,12.17,3,4,15,2,5,29,B,2,1,180.8,1.74,9
DE21L,Starnberg,DE,48.0,11.28,0,4,16,2,11,33,B,0,4,326.4,13.68,4
DE21M,Traunstein,DE,47.9,12.58,0,4,15,2,8,29,B,0,3,118.5,4.94,3
DE21N,Weilheim-Schongau,DE,47.79,11.04,0,4,15,0,3,22,A,0,0,143.8,0.6,5
DE221,"Landshut, Kreisfreie Stadt",DE,48.54,12.14,0,4,18,0,3,25,B,0,0,1041.5,,
DE222,"Passau, Kreisfreie Stadt",DE,48.58,13.43,0,4,17,2,3,26,B,0,2,809.7,,
DE223,"Straubing, Kreisfreie Stadt",DE,48.88,12.56,0,4,17,0,3,24,A,0,0,726.7,,
DE224,Deggendorf,DE,48.78,13.01,0,4,15,0,3,22,A,0,0,141.9,,
DE225,Freyung-Grafenau,DE,48.83,13.5,0,4,15,0,3,22,A,0,0,79.6,,
DE226,Kelheim,DE,48.81,11.86,0,4,15,0,1,20,A,0,0,118.2,0.02,1
DE227,"Landshut, Landkreis",DE,48.55,12.2,0,4,15,0,2,21,A,0,0,119.7,0.35,4
DE228,"Passau, Landkreis",DE,48.57,13.36,0,4,15,2,3,24,A,0,1,127.7,,
DE229,Regen,DE,49.02,13.1,0,4,15,0,3,22,A,0,0,79.6,,
DE22A,Rottal-Inn,DE,48.42,12.86,0,4,15,2,2,23,A,0,9,94.3,0.55,3
DE22B,Straubing-Bogen,DE,48.9,12.58,0,4,15,0,3,22,A,0,0,86.8,,
DE22C,Dingolfing-Landau,DE,48.65,12.62,3,4,15,2,1,25,B,1,0,114.8,0.09,1
DE231,"Amberg, Kreisfreie Stadt",DE,49.45,11.85,0,4,17,0,3,24,A,0,0,843.0,,
DE232,"Regensburg, Kreisfreie Stadt",DE,49.01,12.12,0,4,18,2,3,27,B,0,2,1880.8,,
DE233,"Weiden i. d. Opf, Kreisfreie Stadt",DE,49.68,12.13,0,4,17,2,3,26,B,0,1,596.3,,
DE234,Amberg-Sulzbach,DE,49.48,11.81,0,4,15,0,1,20,A,0,0,82.8,0.02,1
DE235,Cham,DE,49.23,12.71,0,4,15,0,1,20,A,0,0,84.3,0.12,4
DE236,Neumarkt i. d. OPf.,DE,49.21,11.57,0,4,15,0,3,22,A,0,0,102.3,,
DE237,Neustadt a. d. Waldnaab,DE,49.69,12.1,0,4,15,0,1,20,A,0,0,67.5,0.08,2
DE238,"Regensburg, Landkreis",DE,49.02,12.12,0,4,15,0,1,20,A,0,0,139.7,0.05,2
DE239,Schwandorf,DE,49.37,12.26,3,4,15,2,2,26,B,1,0,102.5,0.3,4
FI1D8,Kainuu,FI,64.52,28.72,0,4,1,0,14,19,A,0,0,,8.98,353
FI1D9,Pohjois-Pohjanmaa,FI,64.95,26.63,0,4,1,2,11,18,A,0,6,,4.17,331
FI1DA,Etelä-Savo,FI,61.83,27.78,0,4,1,0,15,20,A,0,0,,23.52,260
FI1DB,Pohjois-Savo,FI,63.12,27.5,0,4,1,0,15,20,A,0,0,,16.55,247
FI1DC,Pohjois-Karjala,FI,62.88,29.86,0,4,1,0,15,20,A,0,0,,16.1,242
FI200,Åland,FI,60.22,20.17,0,4,1,0,5,10,A,0,0,,0.87,14
FR101,Paris,FR,48.86,2.34,5,4,18,3,9,39,B,5,7,20211.7,6.2,1
FR102,Seine-et-Marne ,FR,48.64,2.94,3,4,15,3,2,27,B,1,9,249.6,0.32,3
FR103,Yvelines ,FR,48.81,1.84,5,4,16,3,4,32,B,3,8,651.3,1.52,4
FR104,Essonne,FR,48.52,2.25,9,4,16,5,2,36,B,15,5,737.2,0.68,1
FR105,Hauts-de-Seine ,FR,48.85,2.25,9,4,18,5,7,43,C,11,20,9627.4,4.05,1
FR106,Seine-Saint-Denis ,FR,48.91,2.46,9,4,18,5,3,39,B,14,19,7191.3,1.17,1
FR107,Val-de-Marne,FR,48.77,2.46,9,4,18,5,5,41,C,16,12,5881.3,2.2,1
FR108,Val-d’Oise,FR,49.08,2.11,3,4,17,2,3,29,B,1,7,1029.6,0.9,3
FRB01,Cher,FR,47.05,2.49,3,4,13,2,3,25,B,1,2,40.9,0.51,6
FRB02,Eure-et-Loir,FR,48.38,1.37,0,4,14,2,1,21,A,0,3,73.2,0.01,1
FRB03,Indre,FR,46.77,1.57,3,4,13,2,3,25,B,1,0,31.5,0.15,13
FRB04,Indre-et-Loire,FR,47.26,0.68,3,4,14,2,4,27,B,2,3,101.4,0.76,5
FRB05,Loir-et-Cher,FR,47.61,1.42,3,4,14,2,2,25,B,1,0,51.6,0.35,3
FRB06,Loiret,FR,47.91,2.35,5,4,14,2,3,28,B,3,0,102.0,0.74,9
FRC11,Côte-d’Or,FR,47.42,4.77,9,4,14,3,3,33,B,10,2,61.4,0.12,11
PL424,Miasto Szczecin,PL,53.44,14.6,3,4,9,2,11,29,B,1,0,1653.5,24.23,2
PL426,Koszaliński,PL,54.14,16.23,3,4,6,2,4,19,A,1,0,77.6,0.64,17
PL427,Szczecinecko-pyrzycki,PL,53.4,15.81,3,4,5,2,10,24,A,1,1,37.8,3.03,168
PL428,Szczeciński,PL,53.5,14.85,3,4,6,2,9,24,A,1,2,66.7,1.99,56
PL431,Gorzowski,PL,52.6,15.29,3,4,6,2,7,22,A,1,0,60.1,1.13,58
PL432,Zielonogórski,PL,51.88,15.39,3,4,6,2,5,20,A,1,0,75.5,0.58,36
PL514,Miasto Wrocław,PL,51.12,16.98,3,4,9,2,3,21,A,1,1,2346.3,,
PL515,Jeleniogórski,PL,51.1,15.59,3,4,6,2,4,19,A,1,0,92.1,0.32,15
PL516,Legnicko-głogowski,PL,51.47,16.22,3,4,6,2,3,18,A,1,1,121.9,0.28,5
PL517,Wałbrzyski,PL,50.6,16.6,3,4,6,2,3,18,A,1,1,139.1,,
PL518,Wrocławski,PL,51.19,17.06,3,4,6,2,4,19,A,1,1,99.3,0.37,17
PL523,Nyski,PL,50.58,17.58,3,4,6,2,3,18,A,1,0,82.7,0.77,2
PL524,Opolski,PL,50.7,18.15,3,4,6,2,3,18,A,1,0,106.1,0.74,5
PL613,Bydgosko-toruński,PL,53.11,18.32,3,4,7,2,7,23,A,1,0,260.9,1.82,14
PL616,Grudziądzki,PL,53.25,19.09,3,4,6,2,9,24,A,1,0,90.5,2.13,56
PL617,Inowrocławski,PL,52.86,17.92,3,4,6,2,8,23,A,1,1,85.2,2.19,49
PL618,Świecki,PL,53.51,18.04,3,4,6,2,8,23,A,1,0,53.0,1.9,46
PL619,Włocławski,PL,52.65,18.98,3,4,6,2,9,24,A,1,1,91.9,2.92,32
PL621,Elbląski,PL,53.8,19.78,3,4,6,2,10,25,B,1,2,67.2,2.92,78
PL622,Olsztyński,PL,53.84,20.82,3,4,6,2,10,25,B,1,1,56.5,3.07,117
PL623,Ełcki,PL,53.94,22.07,3,4,5,2,14,28,B,1,1,43.9,7.61,73
PL633,Trójmiejski,PL,54.41,18.59,3,4,9,2,2,20,A,1,0,1856.2,0.31,2
PL634,Gdański,PL,54.42,18.32,3,4,6,2,7,22,A,1,4,149.1,1.53,36
PL636,Słupski,PL,54.34,17.29,3,4,6,2,9,24,A,1,1,61.3,2.85,49
PL637,Chojnicki,PL,53.84,17.57,3,4,6,2,10,25,B,1,0,53.7,3.37,61
DE23A,Tirschenreuth,DE,49.9,12.2,0,4,15,0,3,22,A,0,0,67.2,0.39,7
DE241,"Bamberg, Kreisfreie Stadt",DE,49.88,10.92,0,4,18,2,3,27,B,0,1,1359.0,,
DE242,"Bayreuth, Kreisfreie Stadt",DE,49.94,11.59,0,4,18,0,3,25,B,0,0,1087.6,,
DE243,"Coburg, Kreisfreie Stadt",DE,50.26,10.96,0,4,17,2,3,26,B,0,1,849.2,,
DE244,"Hof, Kreisfreie Stadt",DE,50.31,11.9,0,4,17,0,3,24,A,0,0,812.6,,
DE245,"Bamberg, Landkreis",DE,49.9,10.87,0,4,15,2,1,22,A,0,1,127.2,0.06,1
DE246,"Bayreuth, Landkreis",DE,49.88,11.56,0,4,15,0,1,20,A,0,0,81.0,0.0,1
DE247,"Coburg, Landkreis",DE,50.26,10.95,0,4,15,0,3,22,A,0,0,143.1,,
DE248,Forchheim,DE,49.73,11.18,0,4,15,0,3,22,A,0,0,180.5,,
DE249,"Hof, Landkreis",DE,50.27,11.83,0,4,15,2,1,22,A,0,2,104.1,0.12,1
DE24A,Kronach,DE,50.33,11.38,0,4,15,0,2,21,A,0,0,99.9,0.26,1
DE24B,Kulmbach,DE,50.1,11.48,3,4,15,2,1,25,B,1,0,108.8,0.06,1
DE24C,Lichtenfels,DE,50.11,11.14,0,4,15,0,1,20,A,0,0,130.7,0.23,2
DE24D,Wunsiedel i. Fichtelgebirge,DE,50.08,12.04,0,4,15,2,1,22,A,0,3,117.1,0.14,2
DE251,"Ansbach, Kreisfreie Stadt",DE,49.3,10.57,0,4,16,2,3,25,B,0,1,396.5,,
DE252,"Erlangen, Kreisfreie Stadt",DE,49.58,10.98,0,4,18,0,3,25,B,0,0,1508.1,,
DE253,"Fürth, Kreisfreie Stadt",DE,49.49,10.97,0,4,18,2,3,27,B,0,1,2085.5,,
DE254,"Nürnberg, Kreisfreie Stadt",DE,49.44,11.08,0,4,18,3,3,28,B,0,16,2838.8,,
DE255,"Schwabach, Kreisfreie Stadt",DE,49.34,11.03,0,4,17,2,3,26,B,0,2,997.6,,
DE256,"Ansbach, Landkreis",DE,49.24,10.47,3,4,15,2,3,27,B,1,0,94.8,,
DE257,Erlangen-Höchstadt,DE,49.63,10.94,0,4,16,2,3,25,B,0,4,247.8,,
DE258,"Fürth, Landkreis",DE,49.44,10.86,0,4,16,0,3,23,A,0,0,383.1,,
DE259,Nürnberger Land,DE,49.49,11.37,0,4,16,0,3,23,A,0,0,211.5,,
DE25A,Neustadt a. d. Aisch-Bad Windsheim,DE,49.56,10.46,0,4,15,0,3,22,A,0,0,79.5,,
DE25B,Roth,DE,49.21,11.12,0,4,15,0,3,22,A,0,0,143.6,,
DE25C,Weißenburg-Gunzenhausen,DE,49.04,10.9,0,4,15,0,3,22,A,0,0,98.9,,
DE261,"Aschaffenburg, Kreisfreie Stadt",DE,49.96,9.15,0,4,18,0,3,25,B,0,0,1185.3,,
DE262,"Schweinfurt, Kreisfreie Stadt",DE,50.03,10.21,0,4,18,2,3,27,B,0,1,1535.4,,
DE263,"Würzburg, Kreisfreie Stadt",DE,49.79,9.94,0,4,18,2,3,27,B,0,1,1511.7,,
DE264,"Aschaffenburg, Landkreis",DE,50.01,9.23,0,4,16,0,3,23,A,0,0,245.7,,
DE265,Bad Kissingen,DE,50.23,9.94,0,4,15,0,3,22,A,0,0,90.8,,
DE266,Rhön-Grabfeld,DE,50.37,10.27,0,4,15,0,3,22,A,0,0,77.6,,
DE267,Haßberge,DE,50.07,10.61,0,4,15,0,1,20,A,0,0,87.8,0.06,1
DE268,Kitzingen,DE,49.75,10.26,0,4,15,2,1,22,A,0,1,133.5,0.06,1
DE269,Miltenberg,DE,49.77,9.24,3,4,15,2,3,27,B,1,2,179.3,,
DE26A,Main-Spessart,DE,49.98,9.66,3,4,15,2,3,27,B,1,2,95.6,,
DE26B,"Schweinfurt, Landkreis",DE,50.02,10.26,0,4,15,0,1,20,A,0,0,136.7,0.05,1
DE26C,"Würzburg, Landkreis",DE,49.74,9.94,0,4,15,2,3,24,A,0,1,166.0,,
DE271,"Augsburg, Kreisfreie Stadt",DE,48.35,10.88,0,4,18,2,3,27,B,0,2,2026.1,,
DE272,"Kaufbeuren, Kreisfreie Stadt",DE,47.89,10.63,0,4,18,0,3,25,B,0,0,1144.1,,
FRC12,Nièvre,FR,47.11,3.51,3,4,13,2,5,27,B,2,1,29.4,0.87,10
FRC13,Saône-et-Loire,FR,46.64,4.54,5,4,14,3,4,30,B,4,6,64.0,0.27,15
FRC14,Yonne,FR,47.84,3.56,3,4,13,2,2,24,A,2,4,44.7,0.09,7
FRC21,Doubs,FR,47.16,6.36,3,4,14,2,1,24,A,1,0,105.0,0.09,2
FRC22,Jura,FR,46.74,5.69,3,4,14,2,2,25,B,1,6,51.5,0.12,5
FRC23,Haute-Saône,FR,47.64,6.09,3,4,13,2,1,23,A,1,1,43.4,0.03,3
FRC24,Territoire de Belfort,FR,47.63,6.93,3,4,15,2,1,25,B,1,2,231.7,0.03,1
FRD11,Calvados ,FR,49.1,-0.35,3,4,14,3,1,25,B,1,13,126.4,0.02,1
FRD12,Manche ,FR,49.07,-1.33,3,4,14,2,1,24,A,1,3,82.7,0.01,1
FRD13,Orne,FR,48.62,0.14,0,4,13,0,1,18,A,0,0,44.6,0.02,2
FRD21,Eure,FR,49.11,1.0,3,4,14,2,2,25,B,1,3,100.6,0.51,4
FRD22,Seine-Maritime,FR,49.66,1.03,3,4,15,2,3,27,B,1,2,201.3,0.78,1
FRE11,Nord,FR,50.44,3.23,3,4,15,2,2,26,B,1,3,456.7,0.12,7
FRE12,Pas-de-Calais,FR,50.49,2.29,3,4,15,2,1,25,B,1,3,217.7,0.02,2
FRE21,Aisne,FR,49.56,3.56,3,4,14,2,2,25,B,1,1,70.7,0.06,7
FRE22,Oise,FR,49.41,2.41,3,4,14,2,3,26,B,1,1,141.7,,
FRE23,Somme,FR,49.95,2.28,3,4,14,2,2,25,B,1,0,91.6,0.1,8
FRF11,Bas-Rhin,FR,48.67,7.55,9,4,15,5,1,34,B,16,12,244.6,0.19,3
FRF12,Haut-Rhin,FR,47.85,7.28,22,4,15,11,2,54,C,223,3,218.4,0.42,2
FRF21,Ardennes,FR,49.61,4.63,0,4,14,0,1,19,A,0,0,50.8,0.07,4
FRF22,Aube,FR,48.3,4.17,0,4,14,2,2,22,A,0,2,52.2,0.39,2
FRF23,Marne,FR,48.95,4.24,3,4,14,2,2,25,B,1,3,69.1,0.27,2
FRF24,Haute-Marne,FR,48.11,5.23,3,4,13,2,2,24,A,1,1,27.0,0.44,4
FRF31,Meurthe-et-Moselle ,FR,48.79,6.16,3,4,14,2,1,24,A,1,1,139.4,0.11,3
PL638,Starogardzki,PL,53.89,18.8,3,4,6,2,8,23,A,1,2,99.5,2.04,33
PL711,Miasto Łódź,PL,51.77,19.47,3,4,9,2,3,21,A,2,2,2217.7,,
PL712,Łódzki,PL,51.8,19.52,0,4,6,2,3,15,A,0,1,175.1,,
PL713,Piotrkowski,PL,51.33,19.77,3,4,6,2,1,16,A,1,1,91.9,0.03,4
PL714,Sieradzki,PL,51.49,18.75,3,4,6,2,1,16,A,1,0,74.3,0.0,1
PL715,Skierniewicki,PL,52.05,19.77,3,4,6,2,1,16,A,1,2,83.1,0.24,4
PL721,Kielecki,PL,50.96,20.75,3,4,6,2,1,16,A,2,3,138.4,0.03,4
PL722,Sandomiersko-jędrzejowski,PL,50.62,20.78,0,4,6,2,3,15,A,0,3,65.6,0.28,9
PL811,Bialski,PL,51.79,23.13,3,4,5,2,4,18,A,1,1,46.3,0.25,10
PL812,Chełmsko-zamojski,PL,50.76,23.33,3,4,6,2,2,17,A,1,0,59.7,0.09,8
PL814,Lubelski,PL,51.29,22.62,3,4,6,2,5,20,A,1,0,163.0,0.53,21
PL815,Puławski,PL,51.32,22.15,3,4,6,2,6,21,A,1,3,77.9,1.25,19
PL821,Krośnieński,PL,49.49,22.08,3,4,6,2,1,16,A,1,1,79.2,0.22,2
PL822,Przemyski,PL,50.02,22.82,3,4,6,2,1,16,A,1,0,82.4,0.04,2
PL823,Rzeszowski,PL,50.08,21.93,3,4,6,2,1,16,A,2,1,174.5,0.02,1
PL824,Tarnobrzeski,PL,50.37,21.83,0,4,6,0,2,12,A,0,0,125.8,0.23,8
PL841,Białostocki,PL,53.25,23.32,3,4,6,2,1,16,A,1,1,95.3,0.06,4
PL842,Łomżyński,PL,52.88,22.72,3,4,5,2,1,15,A,1,1,39.8,0.01,2
PL843,Suwalski,PL,53.8,22.92,3,4,5,2,9,23,A,1,0,40.0,2.04,52
PL911,Miasto Warszawa,PL,52.23,21.05,3,4,10,2,7,26,B,1,0,3693.9,3.54,1
PL912,Warszawski wschodni,PL,52.26,21.42,3,4,7,2,3,19,A,1,1,223.9,1.0,3
PL913,Warszawski zachodni,PL,52.21,20.76,3,4,7,2,4,20,A,1,5,295.4,1.73,3
PL921,Radomski,PL,51.41,21.2,3,4,6,2,3,18,A,1,0,98.7,0.72,5
PL922,Ciechanowski,PL,52.84,20.44,3,4,6,2,3,18,A,1,4,61.3,0.34,5
PL923,Płocki,PL,52.59,19.76,3,4,6,2,7,22,A,1,3,92.9,2.39,11
PL924,Ostrołęcki,PL,52.98,21.43,3,4,6,2,1,16,A,1,3,55.7,0.03,2
DE273,"Kempten (Allgäu), Kreisfreie Stadt",DE,47.73,10.31,0,4,18,0,3,25,B,0,0,1041.0,,
DE274,"Memmingen, Kreisfreie Stadt",DE,47.97,10.16,0,4,17,0,3,24,A,0,0,626.7,,
DE275,Aichach-Friedberg,DE,48.42,11.06,0,4,15,0,1,20,A,0,0,174.5,0.19,1
DE276,"Augsburg, Landkreis",DE,48.35,10.72,0,4,16,2,3,25,B,0,4,243.4,,
DE277,Dillingen a.d. Donau,DE,48.59,10.52,0,4,15,0,1,20,A,0,0,125.6,0.18,2
DE278,Günzburg,DE,48.35,10.37,0,4,15,0,1,20,A,0,0,170.4,0.03,1
DE279,Neu-Ulm,DE,48.3,10.13,0,4,16,2,3,25,B,0,1,354.4,,
DE27A,Lindau (Bodensee),DE,47.6,9.84,0,4,16,2,9,31,B,0,4,288.9,6.45,1
DE27B,Ostallgäu,DE,47.76,10.64,0,4,15,2,6,27,B,0,3,102.6,1.86,5
DE27C,Unterallgäu,DE,48.04,10.38,3,4,15,2,3,27,B,1,0,117.6,,
DE27D,Donau-Ries,DE,48.81,10.71,0,4,15,2,1,22,A,0,1,105.9,0.04,1
DE27E,Oberallgäu,DE,47.58,10.25,0,4,15,2,1,22,A,0,4,100.7,0.2,3
DE300,Berlin,DE,52.49,13.4,3,4,18,5,8,38,B,2,36,4311.6,4.02,5
DE401,"Brandenburg an der Havel, Kreisfreie Stadt",DE,52.41,12.46,0,4,16,0,11,31,B,0,0,376.4,22.15,2
DE402,"Cottbus, Kreisfreie Stadt",DE,51.77,14.36,0,4,17,2,2,25,B,0,1,572.8,0.58,4
DE403,"Frankfurt (Oder), Kreisfreie Stadt",DE,52.32,14.5,0,4,16,2,3,25,B,0,1,394.1,1.24,1
DE404,"Potsdam, Kreisfreie Stadt",DE,52.43,13.04,0,4,18,2,12,36,B,0,6,1073.9,9.35,7
DE405,Barnim,DE,52.82,13.71,0,4,15,2,8,29,B,0,3,134.0,2.54,16
DE406,Dahme-Spreewald,DE,52.04,13.82,0,4,15,2,8,29,B,0,4,80.2,2.31,27
DE407,Elbe-Elster,DE,51.62,13.45,0,4,15,2,2,23,A,0,1,52.7,0.25,5
DE408,Havelland,DE,52.61,12.64,0,4,15,2,4,25,B,0,1,99.1,0.78,7
DE409,Märkisch-Oderland,DE,52.61,14.15,0,4,15,2,4,25,B,0,1,92.7,0.67,14
DE40A,Oberhavel,DE,52.89,13.2,3,4,15,2,7,31,B,1,0,122.5,1.4,24
DE40B,Oberspreewald-Lausitz,DE,51.61,13.94,0,4,15,2,5,26,B,0,1,93.4,1.17,12
DE40C,Oder-Spree,DE,52.25,14.22,0,4,15,2,8,29,B,0,1,81.7,2.14,29
DE40D,Ostprignitz-Ruppin,DE,53.0,12.62,0,4,14,2,8,28,B,0,3,40.2,1.99,38
DE40E,Potsdam-Mittelmark,DE,52.25,12.69,0,4,15,0,7,26,B,0,0,86.2,2.13,16
DE40F,Prignitz,DE,53.11,11.96,0,4,14,2,2,22,A,0,3,35.9,0.73,2
DE40G,Spree-Neiße,DE,51.76,14.43,0,4,15,2,6,27,B,0,2,68.0,1.47,16
DE40H,Teltow-Fläming,DE,52.07,13.27,0,4,15,2,3,24,A,0,2,84.5,0.54,9
DE40I,Uckermark,DE,53.21,13.86,0,4,14,2,9,29,B,0,1,39.5,2.49,52
DE501,"Bremen, Kreisfreie Stadt",DE,53.12,8.77,0,4,18,0,6,28,B,0,0,1873.0,2.68,1
DE502,"Bremerhaven, Kreisfreie Stadt",DE,53.53,8.58,0,4,18,0,3,25,B,0,0,1463.8,,
DE600,Hamburg,DE,53.58,9.89,3,4,18,3,7,35,B,2,9,2594.6,3.61,3
DE711,"Darmstadt, Kreisfreie Stadt",DE,49.89,8.67,3,4,18,2,3,30,B,1,0,1340.8,,
DE712,"Frankfurt am Main, Kreisfreie Stadt",DE,50.12,8.66,5,4,18,3,3,33,B,3,5,3055.1,,
FRF32,Meuse ,FR,49.0,5.39,0,4,13,0,2,19,A,0,0,28.8,0.25,7
FRF33,Moselle,FR,49.04,6.65,3,4,14,3,5,29,B,2,17,170.1,0.52,22
FRF34,Vosges,FR,48.2,6.38,3,4,14,2,1,24,A,1,1,60.3,0.05,3
FRG01,Loire-Atlantique,FR,47.37,-1.67,5,4,15,3,6,33,B,5,10,218.6,1.53,12
FRG02,Maine-et-Loire,FR,47.39,-0.56,5,4,14,2,3,28,B,3,2,115.9,1.0,4
FRG03,Mayenne,FR,48.16,-0.65,3,4,14,2,2,25,B,1,0,58.4,0.14,9
FRG04,Sarthe,FR,47.99,0.23,3,4,14,2,1,24,A,1,0,90.7,0.02,3
FRG05,Vendée,FR,46.67,-1.3,3,4,14,2,1,24,A,2,2,105.8,0.15,3
FRH01,Côtes-d’Armor,FR,48.44,-2.86,3,4,14,2,4,27,B,1,1,87.8,0.38,12
FRH02,Finistère,FR,48.26,-4.04,3,4,14,3,3,27,B,1,9,138.1,0.31,9
FRH03,Ille-et-Vilaine,FR,48.15,-1.64,3,4,14,2,5,28,B,1,4,164.7,0.57,32
FRH04,Morbihan,FR,47.85,-2.82,3,4,14,2,3,26,B,1,6,114.2,0.34,6
FRI11,Dordogne,FR,45.11,0.74,9,4,13,5,1,32,B,10,14,45.4,0.07,3
FRI12,Gironde,FR,44.82,-0.57,12,4,14,5,7,42,C,38,56,171.6,1.94,10
FRI13,Landes,FR,43.97,-0.79,9,4,13,5,6,37,B,11,32,47.0,0.99,21
FRI14,Lot-et-Garonne,FR,44.36,0.46,9,4,14,5,3,35,B,18,24,62.1,0.6,7
FRI15,Pyrénées-Atlantiques,FR,43.26,-0.78,12,4,14,5,2,37,B,34,65,92.2,0.13,5
FRI21,Corrèze,FR,45.36,1.87,5,4,13,3,4,29,B,4,5,40.9,0.54,11
FRI22,Creuse,FR,46.09,2.02,3,4,13,2,4,26,B,1,0,20.6,0.42,12
FRI23,Haute-Vienne,FR,45.89,1.23,3,4,14,2,2,25,B,2,3,67.3,0.13,5
FRI31,Charente,FR,45.72,0.2,3,4,14,2,1,24,A,2,2,58.8,0.01,1
FRI32,Charente-Maritime,FR,45.78,-0.68,22,4,14,14,3,57,D,387,12,97.9,,
PL925,Siedlecki,PL,52.22,22.15,3,4,6,2,2,17,A,1,0,66.3,0.41,2
PL926,Żyrardowski,PL,51.97,20.57,3,4,6,2,2,17,A,1,1,101.6,0.69,4
PT111,Alto Minho,PT,41.89,-8.5,3,4,6,3,2,18,A,1,9,106.7,0.71,1
PT112,Cávado,PT,41.62,-8.46,3,4,7,3,2,19,A,1,10,346.7,0.68,2
PT119,Ave,PT,41.49,-8.17,3,4,7,2,2,18,A,1,4,291.5,0.4,2
PT11A,Área Metropolitana do Porto,PT,41.08,-8.47,5,4,8,5,2,24,A,3,77,883.7,0.65,1
PT11B,Alto Tâmega e Barroso,PT,41.67,-7.62,3,4,5,2,5,19,A,1,1,28.9,1.36,6
PT11C,Tâmega e Sousa,PT,41.19,-8.12,5,4,7,3,1,20,A,7,2,225.7,0.22,1
PT11D,Douro,PT,41.15,-7.41,3,4,5,2,1,15,A,1,7,46.3,0.16,2
PT11E,Terras de Trás-os-Montes,PT,41.58,-6.83,3,4,5,2,1,15,A,1,7,19.5,0.09,3
PT150,Algarve,PT,37.24,-8.13,22,4,6,11,2,45,C,221,255,97.6,0.26,3
PT191,Região de Aveiro,PT,40.62,-8.51,3,4,7,2,4,20,A,1,0,231.4,1.39,3
PT192,Região de Coimbra,PT,40.22,-8.32,3,4,6,2,4,19,A,1,0,103.4,0.98,5
PT193,Região de Leiria,PT,39.82,-8.66,3,4,6,2,1,16,A,1,0,120.6,0.04,1
PT194,Viseu Dão Lafões,PT,40.7,-7.93,3,4,6,2,2,17,A,1,0,79.1,0.39,1
PT195,Beira Baixa,PT,39.88,-7.51,3,4,5,2,4,18,A,2,0,19.1,1.03,6
PT196,Beiras e Serra da Estrela,PT,40.52,-7.28,3,4,5,2,1,15,A,1,0,33.3,0.01,1
PT1A0,Grande Lisboa,PT,38.87,-9.23,3,4,9,2,3,21,A,2,0,1597.7,,
PT1B0,Península de Setúbal,PT,38.62,-8.87,0,4,8,0,1,13,A,0,0,549.5,0.15,2
PT1C1,Alentejo Litoral,PT,37.99,-8.56,3,4,5,2,4,18,A,1,0,19.4,0.99,8
PT1C2,Baixo Alentejo,PT,37.87,-7.81,3,4,5,2,4,18,A,1,0,13.7,1.03,9
PT1C3,Alto Alentejo,PT,39.2,-7.62,3,4,5,2,5,19,A,1,0,17.3,1.67,7
PT1C4,Alentejo Central,PT,38.6,-7.84,3,4,5,2,7,21,A,1,0,21.3,2.82,8
PT1D1,Oeste,PT,39.28,-9.13,3,4,6,2,3,18,A,1,0,173.8,,
PT1D2,Médio Tejo,PT,39.55,-8.31,3,4,6,2,4,19,A,1,0,80.4,1.55,2
PT1D3,Lezíria do Tejo,PT,39.12,-8.61,3,4,6,2,1,16,A,1,0,58.0,0.03,1
PT200,Região Autónoma dos Açores,PT,38.38,-27.35,0,4,6,2,3,15,A,0,6,104.4,,
DE713,"Offenbach am Main, Kreisfreie Stadt",DE,50.1,8.78,0,4,18,0,3,25,B,0,0,2981.7,,
DE714,"Wiesbaden, Kreisfreie Stadt",DE,50.07,8.25,0,4,18,2,7,31,B,0,6,1437.3,3.56,1
DE715,Bergstraße,DE,49.62,8.66,3,4,16,3,1,27,B,2,6,385.2,0.1,1
DE716,Darmstadt-Dieburg,DE,49.86,8.8,3,4,16,2,3,28,B,1,1,458.4,,
DE717,Groß-Gerau,DE,49.91,8.47,9,4,17,5,6,41,C,18,18,604.4,2.68,1
DE718,Hochtaunuskreis,DE,50.28,8.5,3,4,16,2,3,28,B,1,4,497.0,,
DE719,Main-Kinzig-Kreis,DE,50.25,9.28,0,4,16,2,3,25,B,0,4,299.4,,
DE71A,Main-Taunus-Kreis,DE,50.11,8.43,5,4,18,3,3,33,B,3,6,1077.5,,
DE71B,Odenwaldkreis,DE,49.66,8.98,0,4,15,2,3,24,A,0,1,151.3,,
DE71C,"Offenbach, Landkreis",DE,50.03,8.81,5,4,18,3,3,33,B,3,7,1006.4,,
DE71D,Rheingau-Taunus-Kreis,DE,50.14,8.09,0,4,16,2,2,24,A,0,2,232.3,0.55,1
DE71E,Wetteraukreis,DE,50.36,8.9,3,4,16,2,1,26,B,1,0,281.8,0.05,1
DE721,"Gießen, Landkreis",DE,50.57,8.8,3,4,16,2,3,28,B,1,1,313.3,,
DE722,Lahn-Dill-Kreis,DE,50.64,8.37,3,4,16,2,1,26,B,2,1,238.3,0.06,1
DE723,Limburg-Weilburg,DE,50.42,8.19,0,4,16,2,3,25,B,0,3,235.6,,
DE724,Marburg-Biedenkopf,DE,50.84,8.74,0,4,15,2,3,24,A,0,1,192.3,,
DE725,Vogelsbergkreis,DE,50.64,9.28,0,4,15,2,1,22,A,0,1,69.6,0.07,3
DE731,"Kassel, Kreisfreie Stadt",DE,51.31,9.48,0,4,18,0,3,25,B,0,0,1856.8,,
DE732,Fulda,DE,50.57,9.76,0,4,15,0,3,22,A,0,0,160.9,,
DE733,Hersfeld-Rotenburg,DE,50.9,9.76,0,4,15,0,3,22,A,0,0,107.7,,
DE734,"Kassel, Landkreis",DE,51.4,9.41,0,4,15,2,3,24,A,0,1,178.3,,
DE735,Schwalm-Eder-Kreis,DE,51.02,9.36,3,4,15,2,3,27,B,1,0,117.2,,
DE736,Waldeck-Frankenberg,DE,51.18,8.89,0,4,15,2,3,24,A,0,1,84.6,0.81,4
DE737,Werra-Meißner-Kreis,DE,51.18,9.94,0,4,15,0,1,20,A,0,0,95.9,0.08,1
DE803,"Rostock, Kreisfreie Stadt",DE,54.15,12.14,0,4,18,2,3,27,B,0,3,1135.7,,
DE804,"Schwerin, Kreisfreie Stadt",DE,53.62,11.41,0,4,18,2,12,36,B,0,1,1028.8,20.54,5
DE80J,Mecklenburgische Seenplatte,DE,53.55,13.01,0,4,14,2,13,33,B,0,2,48.4,6.89,112
DE80K,Landkreis Rostock,DE,53.91,12.22,3,4,15,2,7,31,B,1,5,64.7,1.43,24
DE80L,Vorpommern-Rügen,DE,54.26,12.97,3,4,15,2,3,27,B,2,2,67.9,1.0,3
DE80M,Nordwestmecklenburg,DE,53.82,11.26,0,4,15,2,7,28,B,0,2,76.2,2.08,18
DE80N,Vorpommern-Greifswald,DE,53.79,13.8,0,4,15,2,4,25,B,0,4,58.0,0.73,17
DE80O,Ludwigslust-Parchim,DE,53.45,11.53,0,4,14,2,8,28,B,0,5,44.9,2.34,36
DE911,"Braunschweig, Kreisfreie Stadt",DE,52.28,10.52,0,4,18,0,3,25,B,0,0,1319.6,,
DE912,"Salzgitter, Kreisfreie Stadt",DE,52.13,10.37,3,4,16,2,2,27,B,1,0,474.3,0.67,3
DE913,"Wolfsburg, Kreisfreie Stadt",DE,52.41,10.79,0,4,17,0,3,24,A,0,0,630.7,,
FRI33,Deux-Sèvres,FR,46.55,-0.32,5,4,14,3,1,27,B,7,3,62.2,0.01,1
FRI34,Vienne,FR,46.56,0.46,5,4,14,3,2,28,B,5,1,62.4,0.06,7
FRJ11,Aude,FR,43.11,2.41,9,4,14,5,4,36,B,12,18,60.6,0.86,6
FRJ12,Gard,FR,44.0,4.18,12,4,14,8,6,44,C,29,49,133.0,1.4,13
FRJ13,Hérault,FR,43.58,3.37,22,4,15,14,6,61,D,522,42,203.5,2.16,9
FRJ14,Lozère,FR,44.52,3.5,5,4,13,2,1,25,B,4,0,14.8,0.05,1
FRJ15,Pyrénées-Orientales,FR,42.6,2.53,12,4,14,5,4,39,B,24,23,121.9,0.97,5
FRJ21,Ariège,FR,42.92,1.51,5,4,13,3,1,26,B,8,2,31.9,0.0,1
FRJ22,Aveyron,FR,44.27,2.68,5,4,13,3,4,29,B,5,2,31.9,0.43,10
FRJ23,Haute-Garonne,FR,43.35,1.16,12,4,15,8,2,41,C,49,46,234.2,0.26,2
FRJ24,Gers,FR,43.69,0.46,12,4,13,5,3,37,B,22,5,30.7,,
FRJ25,Lot,FR,44.62,1.61,5,4,13,5,3,30,B,8,20,33.9,,
FRJ26,Hautes-Pyrénées ,FR,43.05,0.16,9,4,14,5,1,33,B,12,6,51.5,0.02,2
FRJ27,Tarn,FR,43.78,2.16,5,4,14,3,1,27,B,7,1,69.2,0.18,3
FRJ28,Tarn-et-Garonne,FR,44.08,1.29,5,4,14,3,2,28,B,3,7,72.0,0.6,3
FRK11,Allier,FR,46.39,3.2,3,4,13,2,3,25,B,2,4,45.5,0.48,9
FRK12,Cantal,FR,45.05,2.66,3,4,13,2,3,25,B,1,0,25.1,0.58,6
FRK13,Haute-Loire,FR,45.13,3.81,3,4,13,2,1,23,A,1,2,45.6,0.12,1
FRK14,Puy-de-Dôme,FR,45.73,3.14,5,4,14,3,2,28,B,4,4,83.0,0.22,7
FRK21,Ain,FR,46.1,5.35,5,4,14,3,4,30,B,8,2,121.0,0.31,10
FRK22,Ardèche,FR,44.76,4.43,12,4,14,5,3,38,B,28,10,60.5,0.39,9
FRK23,Drôme,FR,44.68,5.17,9,4,14,5,1,33,B,16,8,80.1,0.07,4
FRK24,Isère,FR,45.27,5.57,12,4,14,8,4,42,C,47,9,166.4,0.28,10
FRK25,Loire,FR,45.73,4.16,5,4,14,3,1,27,B,8,5,162.8,0.06,4
FRK26,Rhône,FR,45.87,4.65,16,4,16,8,1,45,C,77,37,595.0,0.16,3
PT300,Região Autónoma da Madeira,PT,32.54,-16.84,3,4,7,3,3,20,A,1,14,319.6,,
RO111,Bihor,RO,46.94,22.21,3,4,11,2,3,23,A,1,3,74.0,,
RO112,Bistriţa-Năsăud,RO,47.24,24.53,3,4,11,2,3,23,A,1,1,55.5,,
RO113,Cluj,RO,46.81,23.54,3,4,11,2,3,23,A,1,4,104.2,,
RO114,Maramureş,RO,47.67,23.97,3,4,11,2,1,21,A,2,5,71.9,0.01,1
RO115,Satu Mare,RO,47.7,22.89,3,4,11,3,3,24,A,2,6,75.2,,
RO116,Sălaj,RO,47.18,23.11,3,4,11,2,3,23,A,1,0,54.7,,
RO121,Alba,RO,46.16,23.49,3,4,11,2,3,23,A,1,0,52.4,,
RO122,Braşov,RO,45.76,25.29,5,4,11,3,3,26,B,3,5,104.0,,
RO123,Covasna,RO,45.93,26.0,3,4,11,2,3,23,A,1,1,54.0,,
RO124,Harghita,RO,46.55,25.55,3,4,10,2,1,20,A,1,1,44.1,0.04,1
RO125,Mureş,RO,46.61,24.69,3,4,11,2,1,21,A,1,4,77.8,0.01,1
RO126,Sibiu,RO,45.86,24.24,5,4,11,3,3,26,B,4,3,72.6,,
RO211,Bacău,RO,46.42,26.76,3,4,11,2,3,23,A,1,7,91.2,,
RO212,Botoşani,RO,47.85,26.77,3,4,11,2,4,24,A,1,1,79.4,0.75,16
RO213,Iaşi,RO,47.19,27.29,3,4,11,2,2,22,A,1,3,143.8,0.08,5
RO214,Neamţ,RO,46.98,26.36,3,4,11,2,2,22,A,1,1,76.7,0.49,1
RO215,Suceava,RO,47.55,25.74,3,4,11,2,3,23,A,1,5,75.6,,
RO216,Vaslui,RO,46.53,27.76,3,4,11,2,1,21,A,1,4,70.2,0.07,2
RO221,Brăila,RO,45.1,27.67,3,4,11,2,10,30,B,2,2,60.1,3.85,26
RO222,Buzău,RO,45.26,26.74,3,4,11,3,1,22,A,2,6,66.0,0.19,3
RO223,Constanţa,RO,44.25,28.24,5,4,11,3,11,34,B,7,8,97.5,4.91,23
RO224,Galaţi,RO,45.8,27.76,3,4,11,2,6,26,B,1,3,112.8,1.64,11
RO225,Tulcea,RO,45.05,28.85,3,4,10,2,15,34,B,2,5,26.8,12.06,86
RO226,Vrancea,RO,45.78,26.99,3,4,11,2,1,21,A,2,0,69.0,0.06,3
RO311,Argeş,RO,45.04,24.89,5,4,11,3,1,24,A,3,4,83.5,0.17,1
RO312,Călăraşi,RO,44.32,27.02,3,4,11,2,7,27,B,1,4,57.1,3.05,8
