disease,country_code,year,cases
wnv,AT,2008,0
wnv,AT,2009,2
wnv,AT,2010,1
wnv,AT,2011,0
wnv,AT,2012,0
wnv,AT,2013,0
wnv,AT,2014,2
wnv,AT,2015,6
wnv,AT,2016,5
wnv,AT,2017,6
wnv,AT,2018,21
wnv,AT,2019,4
wnv,AT,2020,0
wnv,AT,2021,3
wnv,AT,2022,6
wnv,AT,2023,0
wnv,AT,2024,34
wnv,BE,2008,0
wnv,BE,2009,0
wnv,BE,2010,0
wnv,BE,2011,0
wnv,BE,2012,0
wnv,BE,2013,0
wnv,BE,2014,0
wnv,BE,2015,0
wnv,BE,2016,0
wnv,BE,2017,0
wnv,BE,2018,0
wnv,BE,2019,0
wnv,BE,2020,0
wnv,BE,2021,0
wnv,BE,2022,0
wnv,BE,2023,0
wnv,BE,2024,0
wnv,BG,2008,0
wnv,BG,2012,2
wnv,BG,2013,0
wnv,BG,2014,0
wnv,BG,2015,2
wnv,BG,2016,2
wnv,BG,2017,1
wnv,BG,2018,15
wnv,BG,2019,5
wnv,BG,2020,1
wnv,BG,2021,0
wnv,BG,2022,1
wnv,BG,2023,0
wnv,BG,2024,19
wnv,CY,2008,0
wnv,CY,2009,0
wnv,CY,2010,0
wnv,CY,2011,0
wnv,CY,2012,0
wnv,CY,2013,0
wnv,CY,2014,0
wnv,CY,2015,0
wnv,CY,2016,1
wnv,CY,2017,0
wnv,CY,2018,1
wnv,CY,2019,23
wnv,CY,2020,0
wnv,CY,2021,0
wnv,CY,2022,0
wnv,CY,2023,6
wnv,CY,2024,2
wnv,CZ,2008,0
wnv,CZ,2009,0
wnv,CZ,2010,0
wnv,CZ,2011,0
wnv,CZ,2012,0
wnv,CZ,2013,1
wnv,CZ,2014,0
wnv,CZ,2015,0
wnv,CZ,2016,0
wnv,CZ,2017,0
wnv,CZ,2018,5
wnv,CZ,2019,1
wnv,CZ,2020,0
wnv,CZ,2021,0
wnv,CZ,2022,0
wnv,CZ,2023,0
wnv,CZ,2024,2
wnv,EE,2008,0
wnv,EE,2009,0
wnv,EE,2010,0
wnv,EE,2011,0
wnv,EE,2012,0
wnv,EE,2013,0
wnv,EE,2014,0
wnv,EE,2015,0
wnv,EE,2016,0
wnv,EE,2017,0
wnv,EE,2018,0
wnv,EE,2019,0
wnv,EE,2020,0
wnv,EE,2021,0
wnv,EE,2022,0
wnv,EE,2023,0
wnv,EE,2024,0
wnv,EL,2008,0
wnv,EL,2009,0
wnv,EL,2010,262
wnv,EL,2011,99
wnv,EL,2012,161
wnv,EL,2013,86
wnv,EL,2014,15
wnv,EL,2015,0
wnv,EL,2016,0
wnv,EL,2017,48
wnv,EL,2018,315
wnv,EL,2019,227
wnv,EL,2020,144
wnv,EL,2021,59
wnv,EL,2022,286
wnv,EL,2023,162
wnv,EL,2024,219
wnv,ES,2008,0
wnv,ES,2009,0
wnv,ES,2010,2
wnv,ES,2011,0
wnv,ES,2012,0
wnv,ES,2013,0
wnv,ES,2014,0
wnv,ES,2015,0
wnv,ES,2016,3
wnv,ES,2017,0
wnv,ES,2018,0
wnv,ES,2019,0
wnv,ES,2020,77
wnv,ES,2021,6
wnv,ES,2022,4
wnv,ES,2023,21
wnv,ES,2024,159
wnv,FI,2008,0
wnv,FI,2009,0
wnv,FI,2010,0
wnv,FI,2011,0
wnv,FI,2012,0
wnv,FI,2013,0
wnv,FI,2014,0
wnv,FI,2015,0
wnv,FI,2016,0
wnv,FI,2017,0
wnv,FI,2018,0
wnv,FI,2019,0
wnv,FI,2020,0
wnv,FI,2021,0
wnv,FI,2022,0
wnv,FI,2023,0
wnv,FI,2024,0
wnv,FR,2008,0
wnv,FR,2009,0
wnv,FR,2010,0
wnv,FR,2011,0
wnv,FR,2012,0
wnv,FR,2013,0
wnv,FR,2014,0
wnv,FR,2015,1
wnv,FR,2016,0
wnv,FR,2017,2
wnv,FR,2018,27
wnv,FR,2019,2
wnv,FR,2020,0
wnv,FR,2021,1
wnv,FR,2022,6
wnv,FR,2023,43
wnv,FR,2024,39
wnv,HU,2008,19
wnv,HU,2009,7
wnv,HU,2010,18
wnv,HU,2011,4
wnv,HU,2012,17
wnv,HU,2013,35
wnv,HU,2014,10
wnv,HU,2015,18
wnv,HU,2016,44
wnv,HU,2017,20
wnv,HU,2018,215
wnv,HU,2019,36
wnv,HU,2020,3
wnv,HU,2021,7
wnv,HU,2022,14
wnv,HU,2023,30
wnv,HU,2024,111
wnv,IE,2008,0
wnv,IE,2009,0
wnv,IE,2010,0
wnv,IE,2011,0
wnv,IE,2012,0
wnv,IE,2013,0
wnv,IE,2014,0
wnv,IE,2015,0
wnv,IE,2016,0
wnv,IE,2017,0
wnv,IE,2018,0
wnv,IE,2019,0
wnv,IE,2020,0
wnv,IE,2021,0
wnv,IE,2022,0
wnv,IE,2023,0
wnv,IE,2024,0
wnv,IT,2008,3
wnv,IT,2009,16
wnv,IT,2010,7
wnv,IT,2011,32
wnv,IT,2012,73
wnv,IT,2013,126
wnv,IT,2014,24
wnv,IT,2015,61
wnv,IT,2016,76
wnv,IT,2017,53
wnv,IT,2018,610
wnv,IT,2019,54
wnv,IT,2020,69
wnv,IT,2021,65
wnv,IT,2022,723
wnv,IT,2023,341
wnv,IT,2024,473
wnv,LT,2008,0
wnv,LT,2009,0
wnv,LT,2010,0
wnv,LT,2011,0
wnv,LT,2012,0
wnv,LT,2013,0
wnv,LT,2014,0
wnv,LT,2015,0
wnv,LT,2016,0
wnv,LT,2017,0
wnv,LT,2018,0
wnv,LT,2019,0
wnv,LT,2020,0
wnv,LT,2021,0
wnv,LT,2022,0
wnv,LT,2023,0
wnv,LT,2024,0
wnv,LU,2008,0
wnv,LU,2009,0
wnv,LU,2010,0
wnv,LU,2011,0
wnv,LU,2012,0
wnv,LU,2013,0
wnv,LU,2014,0
wnv,LU,2015,0
wnv,LU,2016,0
wnv,LU,2017,0
wnv,LU,2018,0
wnv,LU,2019,0
wnv,LU,2020,0
wnv,LU,2021,0
wnv,LU,2022,0
wnv,LU,2023,0
wnv,LU,2024,0
wnv,LV,2008,0
wnv,LV,2009,0
wnv,LV,2010,0
wnv,LV,2011,0
wnv,LV,2012,0
wnv,LV,2013,0
wnv,LV,2014,0
wnv,LV,2015,0
wnv,LV,2016,0
wnv,LV,2017,0
wnv,LV,2018,0
wnv,LV,2019,0
wnv,LV,2020,0
wnv,LV,2021,0
wnv,LV,2022,0
wnv,LV,2023,0
wnv,LV,2024,0
wnv,MT,2008,0
wnv,MT,2009,0
wnv,MT,2010,0
wnv,MT,2011,0
wnv,MT,2012,0
wnv,MT,2013,0
wnv,MT,2014,0
wnv,MT,2015,0
wnv,MT,2016,0
wnv,MT,2017,0
wnv,MT,2018,0
wnv,MT,2019,0
wnv,MT,2020,0
wnv,MT,2021,0
wnv,MT,2022,0
wnv,MT,2023,0
wnv,MT,2024,0
wnv,NL,2008,0
wnv,NL,2009,0
wnv,NL,2010,0
wnv,NL,2011,0
wnv,NL,2012,0
wnv,NL,2013,0
wnv,NL,2014,0
wnv,NL,2015,0
wnv,NL,2016,0
wnv,NL,2017,0
wnv,NL,2018,0
wnv,NL,2019,0
wnv,NL,2020,8
wnv,NL,2021,0
wnv,NL,2022,0
wnv,NL,2023,0
wnv,NL,2024,0
wnv,NO,2008,0
wnv,NO,2009,0
wnv,NO,2010,0
wnv,NO,2011,0
wnv,NO,2012,0
wnv,NO,2013,0
wnv,NO,2014,0
wnv,NO,2015,0
wnv,NO,2016,0
wnv,NO,2017,0
wnv,NO,2018,0
wnv,NO,2019,0
wnv,NO,2020,0
wnv,NO,2021,0
wnv,NO,2022,0
wnv,NO,2023,0
wnv,NO,2024,0
wnv,PL,2008,0
wnv,PL,2009,0
wnv,PL,2010,0
wnv,PL,2011,0
wnv,PL,2012,0
wnv,PL,2013,0
wnv,PL,2014,0
wnv,PL,2015,0
wnv,PL,2016,0
wnv,PL,2017,0
wnv,PL,2018,0
wnv,PL,2019,0
wnv,PL,2020,0
wnv,PL,2021,0
wnv,PL,2022,0
wnv,PL,2023,0
wnv,PL,2024,0
wnv,RO,2008,2
wnv,RO,2009,2
wnv,RO,2010,57
wnv,RO,2011,11
wnv,RO,2012,15
wnv,RO,2013,24
wnv,RO,2014,23
wnv,RO,2015,32
wnv,RO,2016,93
wnv,RO,2017,66
wnv,RO,2018,277
wnv,RO,2019,67
wnv,RO,2020,6
wnv,RO,2021,7
wnv,RO,2022,53
wnv,RO,2023,104
wnv,RO,2024,100
wnv,SE,2008,0
wnv,SE,2009,0
wnv,SE,2010,0
wnv,SE,2011,0
wnv,SE,2012,0
wnv,SE,2013,0
wnv,SE,2014,0
wnv,SE,2015,0
wnv,SE,2016,0
wnv,SE,2017,0
wnv,SE,2018,0
wnv,SE,2019,0
wnv,SE,2020,0
wnv,SE,2021,0
wnv,SE,2022,0
wnv,SE,2023,0
wnv,SE,2024,0
wnv,SI,2008,0
wnv,SI,2009,0
wnv,SI,2010,0
wnv,SI,2011,0
wnv,SI,2012,0
wnv,SI,2013,1
wnv,SI,2014,0
wnv,SI,2015,0
wnv,SI,2016,0
wnv,SI,2017,0
wnv,SI,2018,4
wnv,SI,2019,0
wnv,SI,2020,0
wnv,SI,2021,0
wnv,SI,2022,0
wnv,SI,2023,0
wnv,SI,2024,5
wnv,SK,2008,0
wnv,SK,2009,0
wnv,SK,2010,0
wnv,SK,2011,0
wnv,SK,2012,0
wnv,SK,2013,0
wnv,SK,2014,0
wnv,SK,2015,0
wnv,SK,2016,0
wnv,SK,2017,0
wnv,SK,2018,0
wnv,SK,2019,1
wnv,SK,2020,0
wnv,SK,2021,0
wnv,SK,2022,1
wnv,SK,2023,0
wnv,SK,2024,6
wnv,UK,2008,0
wnv,UK,2009,0
wnv,UK,2010,0
wnv,UK,2011,0
wnv,UK,2012,0
wnv,UK,2013,0
wnv,UK,2014,0
wnv,UK,2015,0
wnv,UK,2016,0
wnv,UK,2017,0
wnv,UK,2018,0
wnv,UK,2019,0
wnv,DK,2010,0
wnv,DK,2011,0
wnv,DK,2012,0
wnv,DK,2013,0
wnv,DK,2014,0
wnv,DK,2015,0
wnv,DK,2016,0
wnv,DK,2017,0
wnv,DK,2018,0
wnv,DK,2019,0
wnv,DK,2020,0
wnv,DK,2021,0
wnv,DK,2022,0
wnv,DK,2023,0
wnv,DK,2024,0
wnv,IL,2010,0
wnv,IL,2011,0
wnv,IL,2012,0
wnv,IL,2013,0
wnv,IL,2014,18
wnv,IL,2015,125
wnv,IL,2016,84
wnv,IL,2017,31
wnv,IL,2018,136
wnv,IL,2019,11
wnv,IL,2020,17
wnv,RU,2010,0
wnv,RU,2011,0
wnv,RU,2012,0
wnv,RU,2013,0
wnv,RU,2014,29
wnv,RU,2015,39
wnv,RU,2016,135
wnv,TR,2010,47
wnv,TR,2011,5
wnv,TR,2016,2
wnv,TR,2017,7
wnv,TR,2018,26
wnv,TR,2019,10
wnv,TR,2020,0
wnv,TR,2021,0
wnv,TR,2022,0
wnv,TR,2023,0
wnv,TR,2024,90
wnv,AL,2011,15
wnv,AL,2012,0
wnv,AL,2013,0
wnv,AL,2014,0
wnv,AL,2015,0
wnv,AL,2016,0
wnv,AL,2017,0
wnv,AL,2018,1
wnv,AL,2019,0
wnv,AL,2020,0
wnv,AL,2021,0
wnv,AL,2022,0
wnv,AL,2024,103
wnv,MK,2011,0
wnv,MK,2012,0
wnv,MK,2013,0
wnv,MK,2014,0
wnv,MK,2015,0
wnv,MK,2016,0
wnv,MK,2017,0
wnv,MK,2018,0
wnv,MK,2019,6
wnv,MK,2020,0
wnv,MK,2021,3
wnv,MK,2022,1
wnv,MK,2023,2
wnv,MK,2024,2
wnv,TN,2011,0
wnv,TN,2012,0
wnv,TN,2013,0
wnv,TN,2016,1
wnv,UA,2011,0
wnv,UA,2012,0
wnv,UA,2013,0
wnv,UA,2016,1
wnv,DZ,2012,0
wnv,HR,2012,6
wnv,HR,2013,20
wnv,HR,2014,1
wnv,HR,2015,1
wnv,HR,2016,2
wnv,HR,2017,5
wnv,HR,2018,58
wnv,HR,2019,0
wnv,HR,2020,0
wnv,HR,2021,0
wnv,HR,2022,5
wnv,HR,2023,0
wnv,HR,2024,20
wnv,ME,2012,1
wnv,ME,2013,3
wnv,ME,2014,0
wnv,ME,2015,0
wnv,ME,2016,0
wnv,ME,2017,0
wnv,ME,2018,0
wnv,ME,2019,0
wnv,ME,2021,0
wnv,ME,2022,0
wnv,ME,2023,0
wnv,ME,2024,0
wnv,PS,2012,0
wnv,PS,2014,1
wnv,PS,2015,1
wnv,RS,2012,0
wnv,RS,2013,0
wnv,RS,2014,77
wnv,RS,2015,28
wnv,RS,2016,44
wnv,RS,2017,49
wnv,RS,2018,415
wnv,RS,2019,27
wnv,RS,2021,18
wnv,RS,2022,246
wnv,RS,2023,92
wnv,RS,2024,66
wnv,XK,2012,7
wnv,XK,2013,3
wnv,XK,2014,1
wnv,XK,2015,1
wnv,XK,2016,0
wnv,XK,2017,2
wnv,XK,2018,14
wnv,XK,2019,0
wnv,XK,2020,0
wnv,XK,2021,0
wnv,XK,2022,0
wnv,XK,2023,0
wnv,XK,2024,4
wnv,BA,2013,0
wnv,BA,2014,13
wnv,BA,2021,0
wnv,BA,2022,0
wnv,BA,2023,0
wnv,PT,2015,1
wnv,PT,2016,0
wnv,PT,2017,0
wnv,PT,2018,0
wnv,PT,2019,0
wnv,PT,2020,0
wnv,PT,2021,0
wnv,PT,2022,0
wnv,PT,2023,0
wnv,PT,2024,0
wnv,EG,2016,1
wnv,SY,2016,2
wnv,IS,2017,0
wnv,IS,2018,0
wnv,IS,2019,0
wnv,IS,2020,0
wnv,IS,2021,0
wnv,IS,2022,0
wnv,IS,2023,0
wnv,IS,2024,0
wnv,DE,2018,1
wnv,DE,2019,5
wnv,DE,2020,22
wnv,DE,2021,4
wnv,DE,2022,17
wnv,DE,2023,7
wnv,DE,2024,63
wnv,LI,2021,0
wnv,LI,2022,0
wnv,LI,2023,0
wnv,LI,2024,0
dengue,AT,2008,0
dengue,AT,2009,0
dengue,AT,2010,10
dengue,AT,2011,0
dengue,AT,2012,2
dengue,AT,2013,63
dengue,AT,2014,80
dengue,AT,2015,57
dengue,AT,2016,92
dengue,AT,2017,85
dengue,AT,2018,85
dengue,AT,2019,142
dengue,AT,2020,29
dengue,AT,2021,4
dengue,AT,2022,54
dengue,AT,2023,170
dengue,AT,2024,203
dengue,BE,2008,0
dengue,BE,2009,0
dengue,BE,2010,0
dengue,BE,2011,0
dengue,BE,2012,0
dengue,BE,2013,139
dengue,BE,2014,94
dengue,BE,2015,0
dengue,BE,2016,0
dengue,BE,2017,0
dengue,BE,2018,0
dengue,BE,2019,0
dengue,BE,2020,0
dengue,BE,2021,0
dengue,BE,2022,0
dengue,BE,2023,0
dengue,BE,2024,265
dengue,CZ,2008,0
dengue,CZ,2009,0
dengue,CZ,2010,0
dengue,CZ,2011,0
dengue,CZ,2012,0
dengue,CZ,2013,0
dengue,CZ,2014,0
dengue,CZ,2015,0
dengue,CZ,2016,0
dengue,CZ,2017,0
dengue,CZ,2018,36
dengue,CZ,2019,81
dengue,CZ,2020,38
dengue,CZ,2021,4
dengue,CZ,2022,22
dengue,CZ,2023,78
dengue,CZ,2024,116
dengue,DE,2008,272
dengue,DE,2009,296
dengue,DE,2010,595
dengue,DE,2011,288
dengue,DE,2012,616
dengue,DE,2013,872
dengue,DE,2014,618
dengue,DE,2015,709
dengue,DE,2016,953
dengue,DE,2017,629
dengue,DE,2018,611
dengue,DE,2019,1173
dengue,DE,2020,200
dengue,DE,2021,60
dengue,DE,2022,376
dengue,DE,2023,951
dengue,DE,2024,1711
dengue,EE,2008,0
dengue,EE,2009,0
dengue,EE,2010,0
dengue,EE,2011,0
dengue,EE,2012,0
dengue,EE,2013,0
dengue,EE,2014,9
dengue,EE,2015,12
dengue,EE,2016,9
dengue,EE,2017,8
dengue,EE,2018,6
dengue,EE,2019,6
dengue,EE,2020,3
dengue,EE,2021,1
dengue,EE,2022,1
dengue,EE,2023,8
dengue,EE,2024,18
dengue,EL,2008,0
dengue,EL,2009,0
dengue,EL,2010,0
dengue,EL,2011,0
dengue,EL,2012,0
dengue,EL,2013,1
dengue,EL,2014,4
dengue,EL,2015,2
dengue,EL,2016,2
dengue,EL,2017,1
dengue,EL,2018,2
dengue,EL,2019,10
dengue,EL,2020,1
dengue,EL,2021,1
dengue,EL,2022,5
dengue,EL,2023,2
dengue,EL,2024,9
dengue,ES,2008,0
dengue,ES,2009,4
dengue,ES,2010,0
dengue,ES,2011,0
dengue,ES,2012,0
dengue,ES,2013,0
dengue,ES,2014,0
dengue,ES,2015,168
dengue,ES,2016,261
dengue,ES,2017,128
dengue,ES,2018,199
dengue,ES,2019,428
dengue,ES,2020,155
dengue,ES,2021,48
dengue,ES,2022,504
dengue,ES,2023,612
dengue,ES,2024,1113
dengue,FI,2008,0
dengue,FI,2009,0
dengue,FI,2010,0
dengue,FI,2011,0
dengue,FI,2012,1
dengue,FI,2013,0
dengue,FI,2014,0
dengue,FI,2015,0
dengue,FI,2016,0
dengue,FI,2017,0
dengue,FI,2018,56
dengue,FI,2019,29
dengue,FI,2020,0
dengue,FI,2021,0
dengue,FI,2022,0
dengue,FI,2023,3
dengue,FI,2024,2
dengue,FR,2008,56
dengue,FR,2009,64
dengue,FR,2010,594
dengue,FR,2011,55
dengue,FR,2012,152
dengue,FR,2013,455
dengue,FR,2014,363
dengue,FR,2015,277
dengue,FR,2016,373
dengue,FR,2017,266
dengue,FR,2018,323
dengue,FR,2019,895
dengue,FR,2020,1349
dengue,FR,2021,216
dengue,FR,2022,312
dengue,FR,2023,2443
dengue,FR,2024,4791
dengue,HU,2008,6
dengue,HU,2009,1
dengue,HU,2010,7
dengue,HU,2011,2
dengue,HU,2012,3
dengue,HU,2013,10
dengue,HU,2014,6
dengue,HU,2015,12
dengue,HU,2016,24
dengue,HU,2017,17
dengue,HU,2018,14
dengue,HU,2019,44
dengue,HU,2020,15
dengue,HU,2021,3
dengue,HU,2022,25
dengue,HU,2023,18
dengue,HU,2024,43
dengue,IE,2008,0
dengue,IE,2009,0
dengue,IE,2010,0
dengue,IE,2011,0
dengue,IE,2012,5
dengue,IE,2013,4
dengue,IE,2014,14
dengue,IE,2015,5
dengue,IE,2016,18
dengue,IE,2017,10
dengue,IE,2018,8
dengue,IE,2019,6
dengue,IE,2020,2
dengue,IE,2021,2
dengue,IE,2022,4
dengue,IE,2023,20
dengue,IE,2024,49
dengue,IT,2008,12
dengue,IT,2009,10
dengue,IT,2010,51
dengue,IT,2011,44
dengue,IT,2012,74
dengue,IT,2013,142
dengue,IT,2014,79
dengue,IT,2015,104
dengue,IT,2016,106
dengue,IT,2017,95
dengue,IT,2018,108
dengue,IT,2019,232
dengue,IT,2020,31
dengue,IT,2021,11
dengue,IT,2022,135
dengue,IT,2023,294
dengue,IT,2024,503
dengue,LT,2008,0
dengue,LT,2009,0
dengue,LT,2010,0
dengue,LT,2011,1
dengue,LT,2012,0
dengue,LT,2013,1
dengue,LT,2014,3
dengue,LT,2015,9
dengue,LT,2016,4
dengue,LT,2017,4
dengue,LT,2018,8
dengue,LT,2019,9
dengue,LT,2020,0
dengue,LT,2021,1
dengue,LT,2022,7
dengue,LT,2023,9
dengue,LT,2024,11
dengue,LU,2008,0
dengue,LU,2009,0
dengue,LU,2010,2
dengue,LU,2011,1
dengue,LU,2012,0
dengue,LU,2013,0
dengue,LU,2014,0
dengue,LU,2015,0
dengue,LU,2016,1
dengue,LU,2017,0
dengue,LU,2018,1
dengue,LU,2019,1
dengue,LU,2020,1
dengue,LU,2021,0
dengue,LU,2022,4
dengue,LU,2023,10
dengue,LU,2024,26
dengue,LV,2008,0
dengue,LV,2009,0
dengue,LV,2010,8
dengue,LV,2011,2
dengue,LV,2012,7
dengue,LV,2013,7
dengue,LV,2014,1
dengue,LV,2015,4
dengue,LV,2016,9
dengue,LV,2017,13
dengue,LV,2018,12
dengue,LV,2019,11
dengue,LV,2020,5
dengue,LV,2021,0
dengue,LV,2022,0
dengue,LV,2023,10
dengue,MT,2008,0
dengue,MT,2009,0
dengue,MT,2010,1
dengue,MT,2011,0
dengue,MT,2012,0
dengue,MT,2013,0
dengue,MT,2014,0
dengue,MT,2015,1
dengue,MT,2016,1
dengue,MT,2017,3
dengue,MT,2018,1
dengue,MT,2019,2
dengue,MT,2020,1
dengue,MT,2021,0
dengue,MT,2022,3
dengue,MT,2023,0
dengue,MT,2024,8
dengue,PL,2008,2
dengue,PL,2009,4
dengue,PL,2010,6
dengue,PL,2011,5
dengue,PL,2012,5
dengue,PL,2013,13
dengue,PL,2014,15
dengue,PL,2015,12
dengue,PL,2016,41
dengue,PL,2017,29
dengue,PL,2018,30
dengue,PL,2019,55
dengue,PL,2020,9
dengue,PL,2021,2
dengue,PL,2022,23
dengue,PL,2023,70
dengue,PL,2024,126
dengue,RO,2008,1
dengue,RO,2009,0
dengue,RO,2010,0
dengue,RO,2011,2
dengue,RO,2012,3
dengue,RO,2013,6
dengue,RO,2014,6
dengue,RO,2015,7
dengue,RO,2016,8
dengue,RO,2017,7
dengue,RO,2018,4
dengue,RO,2019,15
dengue,RO,2020,3
dengue,RO,2021,0
dengue,RO,2022,0
dengue,RO,2023,13
dengue,RO,2024,19
dengue,SE,2008,73
dengue,SE,2009,100
dengue,SE,2010,151
dengue,SE,2011,99
dengue,SE,2012,175
dengue,SE,2013,220
dengue,SE,2014,119
dengue,SE,2015,159
dengue,SE,2016,225
dengue,SE,2017,106
dengue,SE,2018,106
dengue,SE,2019,235
dengue,SE,2020,58
dengue,SE,2021,12
dengue,SE,2022,50
dengue,SE,2023,150
dengue,SE,2024,197
dengue,SI,2008,5
dengue,SI,2009,4
dengue,SI,2010,8
dengue,SI,2011,8
dengue,SI,2012,10
dengue,SI,2013,8
dengue,SI,2014,2
dengue,SI,2015,3
dengue,SI,2016,6
dengue,SI,2017,5
dengue,SI,2018,8
dengue,SI,2019,21
dengue,SI,2020,1
dengue,SI,2021,0
dengue,SI,2022,11
dengue,SI,2023,9
dengue,SI,2024,19
dengue,SK,2008,0
dengue,SK,2009,0
dengue,SK,2010,0
dengue,SK,2011,0
dengue,SK,2012,3
dengue,SK,2013,4
dengue,SK,2014,0
dengue,SK,2015,2
dengue,SK,2016,4
dengue,SK,2017,2
dengue,SK,2018,7
dengue,SK,2019,6
dengue,SK,2020,1
dengue,SK,2021,0
dengue,SK,2022,2
dengue,SK,2023,6
dengue,SK,2024,10
dengue,UK,2008,2
dengue,UK,2009,3
dengue,UK,2010,3
dengue,UK,2011,12
dengue,UK,2012,0
dengue,UK,2013,571
dengue,UK,2014,376
dengue,UK,2015,422
dengue,UK,2016,467
dengue,UK,2017,465
dengue,UK,2018,432
dengue,UK,2019,827
dengue,IS,2009,0
dengue,IS,2010,0
dengue,IS,2011,0
dengue,IS,2012,0
dengue,IS,2013,0
dengue,IS,2014,0
dengue,IS,2015,0
dengue,IS,2016,0
dengue,IS,2017,1
dengue,IS,2018,1
dengue,IS,2019,4
dengue,IS,2020,0
dengue,IS,2021,0
dengue,IS,2022,0
dengue,IS,2023,0
dengue,IS,2024,0
dengue,DK,2010,0
dengue,DK,2011,0
dengue,DK,2012,0
dengue,DK,2013,0
dengue,DK,2014,0
dengue,DK,2015,0
dengue,DK,2016,0
dengue,DK,2017,3
dengue,DK,2018,43
dengue,DK,2019,73
dengue,DK,2020,7
dengue,DK,2021,1
dengue,DK,2022,21
dengue,DK,2023,44
dengue,DK,2024,78
dengue,HR,2012,0
dengue,HR,2013,0
dengue,HR,2014,0
dengue,HR,2016,0
dengue,HR,2017,0
dengue,HR,2018,2
dengue,HR,2019,4
dengue,HR,2020,4
dengue,HR,2021,0
dengue,HR,2022,1
dengue,HR,2023,5
dengue,HR,2024,10
dengue,NO,2012,28
dengue,NO,2013,50
dengue,NO,2014,73
dengue,NO,2015,98
dengue,NO,2016,64
dengue,NO,2017,35
dengue,NO,2018,49
dengue,NO,2019,102
dengue,NO,2020,27
dengue,NO,2021,9
dengue,NO,2022,41
dengue,NO,2023,61
dengue,NO,2024,133
dengue,NL,2014,0
dengue,NL,2015,0
dengue,NL,2016,0
dengue,NL,2017,0
dengue,NL,2018,0
dengue,NL,2019,0
dengue,NL,2020,0
dengue,NL,2021,0
dengue,NL,2022,0
dengue,NL,2023,75
dengue,NL,2024,0
dengue,PT,2015,14
dengue,PT,2016,13
dengue,PT,2017,11
dengue,PT,2018,14
dengue,PT,2019,30
dengue,PT,2020,6
dengue,PT,2021,8
dengue,PT,2022,14
dengue,PT,2023,46
dengue,PT,2024,141
dengue,LI,2021,0
dengue,LI,2022,1
dengue,LI,2023,2
dengue,LI,2024,2
dengue,BG,2023,0
dengue,BG,2024,0
dengue,CY,2024,0
chikungunya,AT,2008,0
chikungunya,AT,2009,8
chikungunya,AT,2010,2
chikungunya,AT,2011,2
chikungunya,AT,2012,0
chikungunya,AT,2013,0
chikungunya,AT,2016,9
chikungunya,AT,2017,5
chikungunya,AT,2018,1
chikungunya,AT,2019,17
chikungunya,AT,2020,0
chikungunya,AT,2021,0
chikungunya,AT,2022,3
chikungunya,AT,2023,7
chikungunya,AT,2024,11
chikungunya,BE,2008,0
chikungunya,BE,2009,0
chikungunya,BE,2010,0
chikungunya,BE,2011,0
chikungunya,BE,2012,0
chikungunya,BE,2013,5
chikungunya,BE,2014,69
chikungunya,BE,2015,0
chikungunya,BE,2016,0
chikungunya,BE,2017,0
chikungunya,BE,2018,0
chikungunya,BE,2019,0
chikungunya,BE,2020,0
chikungunya,BE,2021,0
chikungunya,BE,2022,0
chikungunya,BE,2023,0
chikungunya,BE,2024,14
chikungunya,CZ,2008,0
chikungunya,CZ,2009,0
chikungunya,CZ,2010,0
chikungunya,CZ,2011,0
chikungunya,CZ,2012,0
chikungunya,CZ,2013,0
chikungunya,CZ,2014,3
chikungunya,CZ,2015,1
chikungunya,CZ,2016,7
chikungunya,CZ,2017,0
chikungunya,CZ,2018,6
chikungunya,CZ,2019,15
chikungunya,CZ,2020,0
chikungunya,CZ,2021,0
chikungunya,CZ,2022,2
chikungunya,CZ,2023,3
chikungunya,CZ,2024,3
chikungunya,DE,2008,17
chikungunya,DE,2009,54
chikungunya,DE,2010,37
chikungunya,DE,2011,13
chikungunya,DE,2012,9
chikungunya,DE,2013,16
chikungunya,DE,2014,161
chikungunya,DE,2015,109
chikungunya,DE,2016,72
chikungunya,DE,2017,31
chikungunya,DE,2018,26
chikungunya,DE,2019,84
chikungunya,DE,2020,26
chikungunya,DE,2021,8
chikungunya,DE,2022,32
chikungunya,DE,2023,88
chikungunya,DE,2024,51
chikungunya,EE,2008,0
chikungunya,EE,2009,0
chikungunya,EE,2010,0
chikungunya,EE,2011,0
chikungunya,EE,2012,0
chikungunya,EE,2013,0
chikungunya,EE,2014,0
chikungunya,EE,2015,0
chikungunya,EE,2016,0
chikungunya,EE,2017,0
chikungunya,EE,2018,0
chikungunya,EE,2019,0
chikungunya,EE,2020,0
chikungunya,EE,2021,0
chikungunya,EE,2022,0
chikungunya,EE,2023,0
chikungunya,EE,2024,0
chikungunya,EL,2008,0
chikungunya,EL,2009,0
chikungunya,EL,2010,0
chikungunya,EL,2011,0
chikungunya,EL,2012,0
chikungunya,EL,2013,0
chikungunya,EL,2014,1
chikungunya,EL,2015,0
chikungunya,EL,2016,2
chikungunya,EL,2017,0
chikungunya,EL,2018,1
chikungunya,EL,2019,2
chikungunya,EL,2020,0
chikungunya,EL,2021,0
chikungunya,EL,2022,0
chikungunya,EL,2023,0
chikungunya,EL,2024,0
chikungunya,ES,2008,5
chikungunya,ES,2009,6
chikungunya,ES,2010,0
chikungunya,ES,2011,4
chikungunya,ES,2012,2
chikungunya,ES,2013,2
chikungunya,ES,2014,272
chikungunya,ES,2015,232
chikungunya,ES,2016,105
chikungunya,ES,2017,51
chikungunya,ES,2018,27
chikungunya,ES,2019,46
chikungunya,ES,2020,9
chikungunya,ES,2021,1
chikungunya,ES,2022,9
chikungunya,ES,2023,191
chikungunya,ES,2024,48
chikungunya,FI,2008,0
chikungunya,FI,2009,0
chikungunya,FI,2010,0
chikungunya,FI,2011,0
chikungunya,FI,2012,0
chikungunya,FI,2013,0
chikungunya,FI,2014,0
chikungunya,FI,2015,0
chikungunya,FI,2016,0
chikungunya,FI,2017,0
chikungunya,FI,2018,1
chikungunya,FI,2019,4
chikungunya,FI,2020,0
chikungunya,FI,2021,0
chikungunya,FI,2022,0
chikungunya,FI,2023,0
chikungunya,FI,2024,0
chikungunya,FR,2008,0
chikungunya,FR,2009,0
chikungunya,FR,2010,42
chikungunya,FR,2011,12
chikungunya,FR,2012,10
chikungunya,FR,2013,12
chikungunya,FR,2014,775
chikungunya,FR,2015,68
chikungunya,FR,2016,42
chikungunya,FR,2017,18
chikungunya,FR,2018,16
chikungunya,FR,2019,107
chikungunya,FR,2020,13
chikungunya,FR,2021,3
chikungunya,FR,2022,23
chikungunya,FR,2023,39
chikungunya,FR,2024,34
chikungunya,HU,2008,0
chikungunya,HU,2009,0
chikungunya,HU,2010,0
chikungunya,HU,2011,0
chikungunya,HU,2012,0
chikungunya,HU,2013,0
chikungunya,HU,2014,2
chikungunya,HU,2015,2
chikungunya,HU,2016,1
chikungunya,HU,2017,1
chikungunya,HU,2018,3
chikungunya,HU,2019,5
chikungunya,HU,2020,0
chikungunya,HU,2021,0
chikungunya,HU,2022,2
chikungunya,HU,2023,1
chikungunya,HU,2024,5
chikungunya,IE,2008,0
chikungunya,IE,2009,0
chikungunya,IE,2010,1
chikungunya,IE,2011,0
chikungunya,IE,2012,0
chikungunya,IE,2013,0
chikungunya,IE,2014,1
chikungunya,IE,2015,1
chikungunya,IE,2016,0
chikungunya,IE,2017,0
chikungunya,IE,2018,0
chikungunya,IE,2019,1
chikungunya,IE,2020,0
chikungunya,IE,2021,0
chikungunya,IE,2022,0
chikungunya,IE,2023,0
chikungunya,IE,2024,0
chikungunya,IT,2008,8
chikungunya,IT,2009,3
chikungunya,IT,2010,7
chikungunya,IT,2011,2
chikungunya,IT,2012,5
chikungunya,IT,2013,3
chikungunya,IT,2014,39
chikungunya,IT,2015,19
chikungunya,IT,2016,17
chikungunya,IT,2017,7
chikungunya,IT,2018,4
chikungunya,IT,2019,25
chikungunya,IT,2020,5
chikungunya,IT,2021,0
chikungunya,IT,2022,0
chikungunya,IT,2023,17
chikungunya,IT,2024,17
chikungunya,LT,2008,0
chikungunya,LT,2009,0
chikungunya,LT,2010,0
chikungunya,LT,2011,0
chikungunya,LT,2012,0
chikungunya,LT,2013,0
chikungunya,LT,2014,0
chikungunya,LT,2015,0
chikungunya,LT,2016,0
chikungunya,LT,2017,0
chikungunya,LT,2018,0
chikungunya,LT,2019,0
chikungunya,LT,2020,0
chikungunya,LT,2021,0
chikungunya,LT,2022,0
chikungunya,LT,2023,0
chikungunya,LT,2024,0
chikungunya,LU,2008,0
chikungunya,LU,2009,0
chikungunya,LU,2010,0
chikungunya,LU,2011,0
chikungunya,LU,2012,0
chikungunya,LU,2013,0
chikungunya,LU,2014,0
chikungunya,LU,2015,0
chikungunya,LU,2016,0
chikungunya,LU,2017,0
chikungunya,LU,2018,0
chikungunya,LU,2019,1
chikungunya,LU,2020,0
chikungunya,LU,2021,0
chikungunya,LU,2022,0
chikungunya,LU,2023,0
chikungunya,LU,2024,2
chikungunya,LV,2008,0
chikungunya,LV,2009,0
chikungunya,LV,2010,0
chikungunya,LV,2011,0
chikungunya,LV,2012,0
chikungunya,LV,2013,0
chikungunya,LV,2014,0
chikungunya,LV,2015,2
chikungunya,LV,2016,0
chikungunya,LV,2017,0
chikungunya,LV,2018,0
chikungunya,LV,2019,0
chikungunya,LV,2020,0
chikungunya,LV,2021,0
chikungunya,LV,2022,0
chikungunya,LV,2023,2
chikungunya,LV,2024,0
chikungunya,MT,2008,0
chikungunya,MT,2009,0
chikungunya,MT,2010,0
chikungunya,MT,2011,0
chikungunya,MT,2012,0
chikungunya,MT,2013,0
chikungunya,MT,2014,0
chikungunya,MT,2015,0
chikungunya,MT,2016,1
chikungunya,MT,2017,0
chikungunya,MT,2018,0
chikungunya,MT,2019,0
chikungunya,MT,2020,0
chikungunya,MT,2021,0
chikungunya,MT,2022,1
chikungunya,MT,2023,0
chikungunya,MT,2024,1
chikungunya,PL,2008,0
chikungunya,PL,2009,0
chikungunya,PL,2010,0
chikungunya,PL,2011,0
chikungunya,PL,2012,0
chikungunya,PL,2013,0
chikungunya,PL,2014,0
chikungunya,PL,2015,0
chikungunya,PL,2016,0
chikungunya,PL,2017,0
chikungunya,PL,2018,0
chikungunya,PL,2019,2
chikungunya,PL,2020,0
chikungunya,PL,2021,0
chikungunya,PL,2022,2
chikungunya,PL,2023,5
chikungunya,PL,2024,4
chikungunya,RO,2008,0
chikungunya,RO,2009,0
chikungunya,RO,2010,0
chikungunya,RO,2011,0
chikungunya,RO,2012,0
chikungunya,RO,2013,0
chikungunya,RO,2014,0
chikungunya,RO,2015,0
chikungunya,RO,2016,0
chikungunya,RO,2017,0
chikungunya,RO,2018,2
chikungunya,RO,2019,0
chikungunya,RO,2020,0
chikungunya,RO,2021,0
chikungunya,RO,2022,0
chikungunya,RO,2023,5
chikungunya,RO,2024,5
chikungunya,SI,2008,0
chikungunya,SI,2009,0
chikungunya,SI,2010,0
chikungunya,SI,2011,0
chikungunya,SI,2012,0
chikungunya,SI,2013,0
chikungunya,SI,2014,0
chikungunya,SI,2015,0
chikungunya,SI,2016,2
chikungunya,SI,2017,0
chikungunya,SI,2018,0
chikungunya,SI,2019,0
chikungunya,SI,2020,0
chikungunya,SI,2021,0
chikungunya,SI,2022,0
chikungunya,SI,2023,0
chikungunya,SI,2024,0
chikungunya,SK,2008,0
chikungunya,SK,2009,0
chikungunya,SK,2010,0
chikungunya,SK,2011,0
chikungunya,SK,2012,0
chikungunya,SK,2013,0
chikungunya,SK,2014,0
chikungunya,SK,2015,0
chikungunya,SK,2016,0
chikungunya,SK,2017,0
chikungunya,SK,2018,0
chikungunya,SK,2019,0
chikungunya,SK,2020,0
chikungunya,SK,2021,0
chikungunya,SK,2022,0
chikungunya,SK,2023,0
chikungunya,SK,2024,0
chikungunya,UK,2008,9
chikungunya,UK,2009,56
chikungunya,UK,2010,79
chikungunya,UK,2011,14
chikungunya,UK,2012,19
chikungunya,UK,2013,26
chikungunya,UK,2014,299
chikungunya,UK,2015,106
chikungunya,UK,2016,169
chikungunya,UK,2017,104
chikungunya,UK,2018,59
chikungunya,UK,2019,94
chikungunya,SE,2009,0
chikungunya,SE,2010,0
chikungunya,SE,2011,0
chikungunya,SE,2012,2
chikungunya,SE,2013,6
chikungunya,SE,2014,19
chikungunya,SE,2015,23
chikungunya,SE,2016,20
chikungunya,SE,2017,13
chikungunya,SE,2018,20
chikungunya,SE,2019,58
chikungunya,SE,2020,1
chikungunya,SE,2021,2
chikungunya,SE,2022,1
chikungunya,SE,2023,1
chikungunya,SE,2024,9
chikungunya,DK,2010,0
chikungunya,DK,2011,0
chikungunya,DK,2012,0
chikungunya,DK,2013,0
chikungunya,DK,2014,0
chikungunya,DK,2015,0
chikungunya,DK,2016,0
chikungunya,DK,2017,0
chikungunya,DK,2018,1
chikungunya,DK,2019,4
chikungunya,DK,2020,0
chikungunya,DK,2021,0
chikungunya,DK,2022,0
chikungunya,DK,2023,3
chikungunya,DK,2024,1
chikungunya,HR,2012,0
chikungunya,HR,2013,0
chikungunya,HR,2014,0
chikungunya,HR,2015,0
chikungunya,HR,2016,0
chikungunya,HR,2017,0
chikungunya,HR,2018,0
chikungunya,HR,2019,0
chikungunya,HR,2020,0
chikungunya,HR,2021,0
chikungunya,HR,2022,0
chikungunya,HR,2023,0
chikungunya,HR,2024,0
chikungunya,NL,2014,0
chikungunya,NL,2015,0
chikungunya,NL,2016,0
chikungunya,NL,2017,0
chikungunya,NL,2018,0
chikungunya,NL,2019,0
chikungunya,NL,2020,0
chikungunya,NL,2021,0
chikungunya,NL,2022,0
chikungunya,NL,2023,0
chikungunya,NL,2024,0
chikungunya,PT,2015,0
chikungunya,PT,2016,3
chikungunya,PT,2017,0
chikungunya,PT,2018,1
chikungunya,PT,2019,0
chikungunya,PT,2020,0
chikungunya,PT,2021,0
chikungunya,PT,2022,0
chikungunya,PT,2023,1
chikungunya,PT,2024,1
chikungunya,LI,2021,0
chikungunya,LI,2022,0
chikungunya,LI,2023,0
chikungunya,LI,2024,1
chikungunya,IS,2022,0
chikungunya,IS,2023,0
chikungunya,IS,2024,0
chikungunya,CY,2024,0
malaria,DE,2003,821
malaria,DE,2004,709
malaria,DE,2005,632
malaria,DE,2006,569
malaria,DE,2007,542
malaria,DE,2008,0
malaria,DE,2009,0
malaria,DE,2010,0
malaria,DE,2011,563
malaria,DE,2012,551
malaria,DE,2013,638
malaria,DE,2014,1007
malaria,DE,2015,1061
malaria,DE,2016,962
malaria,DE,2017,957
malaria,DE,2018,900
malaria,DE,2019,999
malaria,DE,2020,366
malaria,DE,2021,614
malaria,DE,2022,772
malaria,DE,2023,991
malaria,DE,2024,934
malaria,PL,2003,17
malaria,PL,2004,29
malaria,PL,2005,20
malaria,PL,2006,19
malaria,PL,2007,11
malaria,PL,2008,22
malaria,PL,2009,22
malaria,PL,2010,35
malaria,PL,2011,14
malaria,PL,2012,21
malaria,PL,2013,36
malaria,PL,2014,19
malaria,PL,2015,29
malaria,PL,2016,38
malaria,PL,2017,27
malaria,PL,2018,28
malaria,PL,2019,24
malaria,PL,2020,8
malaria,PL,2021,15
malaria,PL,2022,26
malaria,PL,2023,46
malaria,PL,2024,43
malaria,LU,2005,0
malaria,LU,2006,4
malaria,LU,2007,4
malaria,LU,2008,2
malaria,LU,2009,3
malaria,LU,2010,12
malaria,LU,2011,3
malaria,LU,2012,7
malaria,LU,2013,4
malaria,LU,2014,3
malaria,LU,2015,1
malaria,LU,2016,5
malaria,LU,2017,11
malaria,LU,2018,13
malaria,LU,2019,13
malaria,LU,2020,5
malaria,LU,2021,28
malaria,LU,2023,39
malaria,LU,2024,44
malaria,AT,2006,50
malaria,AT,2007,34
malaria,AT,2008,57
malaria,AT,2009,44
malaria,AT,2010,48
malaria,AT,2011,7
malaria,AT,2012,28
malaria,AT,2013,42
malaria,AT,2014,68
malaria,AT,2015,81
malaria,AT,2016,82
malaria,AT,2017,78
malaria,AT,2018,62
malaria,AT,2019,72
malaria,AT,2020,27
malaria,AT,2021,37
malaria,AT,2022,74
malaria,AT,2023,97
malaria,AT,2024,80
malaria,BE,2006,195
malaria,BE,2007,0
malaria,BE,2008,0
malaria,BE,2009,0
malaria,BE,2010,1
malaria,BE,2011,184
malaria,BE,2012,206
malaria,BE,2013,253
malaria,BE,2014,235
malaria,BE,2015,276
malaria,BE,2016,311
malaria,BE,2017,249
malaria,BE,2018,357
malaria,BE,2019,417
malaria,BE,2020,241
malaria,BE,2021,365
malaria,BE,2022,491
malaria,BE,2023,508
malaria,BE,2024,448
malaria,BG,2006,14
malaria,BG,2007,4
malaria,BG,2008,0
malaria,BG,2009,8
malaria,BG,2010,5
malaria,BG,2011,8
malaria,BG,2012,16
malaria,BG,2013,8
malaria,BG,2014,10
malaria,BG,2015,20
malaria,BG,2016,28
malaria,BG,2017,8
malaria,BG,2018,8
malaria,BG,2019,8
malaria,BG,2020,5
malaria,BG,2021,9
malaria,BG,2022,5
malaria,BG,2023,10
malaria,BG,2024,18
malaria,CY,2006,1
malaria,CY,2007,1
malaria,CY,2008,0
malaria,CY,2009,1
malaria,CY,2010,1
malaria,CY,2011,6
malaria,CY,2012,1
malaria,CY,2013,3
malaria,CY,2014,8
malaria,CY,2015,3
malaria,CY,2016,1
malaria,CY,2017,8
malaria,CY,2018,4
malaria,CY,2019,4
malaria,CY,2020,0
malaria,CY,2021,0
malaria,CY,2022,4
malaria,CY,2023,4
malaria,CY,2024,4
malaria,CZ,2006,16
malaria,CZ,2007,23
malaria,CZ,2008,22
malaria,CZ,2009,10
malaria,CZ,2010,11
malaria,CZ,2011,28
malaria,CZ,2012,25
malaria,CZ,2013,27
malaria,CZ,2014,30
malaria,CZ,2015,29
malaria,CZ,2016,38
malaria,CZ,2017,27
malaria,CZ,2018,34
malaria,CZ,2019,32
malaria,CZ,2020,9
malaria,CZ,2021,10
malaria,CZ,2022,29
malaria,CZ,2023,40
malaria,CZ,2024,38
malaria,EE,2006,6
malaria,EE,2007,5
malaria,EE,2008,0
malaria,EE,2009,4
malaria,EE,2010,1
malaria,EE,2011,1
malaria,EE,2012,6
malaria,EE,2013,3
malaria,EE,2014,3
malaria,EE,2015,4
malaria,EE,2016,1
malaria,EE,2017,2
malaria,EE,2018,3
malaria,EE,2019,3
malaria,EE,2020,1
malaria,EE,2021,3
malaria,EE,2022,4
malaria,EE,2023,1
malaria,EE,2024,6
malaria,EL,2006,22
malaria,EL,2007,22
malaria,EL,2008,38
malaria,EL,2009,51
malaria,EL,2010,44
malaria,EL,2011,92
malaria,EL,2012,95
malaria,EL,2013,25
malaria,EL,2014,38
malaria,EL,2015,84
malaria,EL,2016,121
malaria,EL,2017,107
malaria,EL,2018,55
malaria,EL,2019,40
malaria,EL,2020,23
malaria,EL,2021,32
malaria,EL,2022,31
malaria,EL,2023,32
malaria,EL,2024,35
malaria,ES,2006,338
malaria,ES,2007,385
malaria,ES,2008,290
malaria,ES,2009,356
malaria,ES,2010,351
malaria,ES,2011,405
malaria,ES,2012,421
malaria,ES,2013,518
malaria,ES,2014,688
malaria,ES,2015,706
malaria,ES,2016,755
malaria,ES,2017,818
malaria,ES,2018,851
malaria,ES,2019,783
malaria,ES,2020,210
malaria,ES,2021,430
malaria,ES,2022,669
malaria,ES,2023,804
malaria,ES,2024,756
malaria,FI,2006,31
malaria,FI,2007,22
malaria,FI,2008,42
malaria,FI,2009,34
malaria,FI,2010,33
malaria,FI,2011,33
malaria,FI,2012,46
malaria,FI,2013,38
malaria,FI,2014,39
malaria,FI,2015,39
malaria,FI,2016,47
malaria,FI,2017,36
malaria,FI,2018,34
malaria,FI,2019,50
malaria,FI,2020,52
malaria,FI,2021,39
malaria,FI,2022,47
malaria,FI,2023,52
malaria,FI,2024,35
malaria,HU,2006,18
malaria,HU,2007,7
malaria,HU,2008,5
malaria,HU,2009,8
malaria,HU,2010,5
malaria,HU,2011,10
malaria,HU,2012,5
malaria,HU,2013,5
malaria,HU,2014,15
malaria,HU,2015,12
malaria,HU,2016,17
malaria,HU,2017,12
malaria,HU,2018,17
malaria,HU,2019,12
malaria,HU,2020,10
malaria,HU,2021,8
malaria,HU,2022,22
malaria,HU,2023,21
malaria,HU,2024,15
malaria,IE,2006,96
malaria,IE,2007,71
malaria,IE,2008,82
malaria,IE,2009,90
malaria,IE,2010,82
malaria,IE,2011,61
malaria,IE,2012,65
malaria,IE,2013,71
malaria,IE,2014,79
malaria,IE,2015,82
malaria,IE,2016,88
malaria,IE,2017,78
malaria,IE,2018,60
malaria,IE,2019,80
malaria,IE,2020,15
malaria,IE,2021,39
malaria,IE,2022,53
malaria,IE,2023,89
malaria,IE,2024,78
malaria,IT,2006,630
malaria,IT,2007,575
malaria,IT,2008,583
malaria,IT,2009,636
malaria,IT,2010,698
malaria,IT,2011,701
malaria,IT,2012,642
malaria,IT,2013,677
malaria,IT,2014,705
malaria,IT,2015,706
malaria,IT,2016,888
malaria,IT,2017,830
malaria,IT,2018,722
malaria,IT,2019,811
malaria,IT,2020,181
malaria,IT,2021,443
malaria,IT,2022,596
malaria,IT,2023,798
malaria,IT,2024,890
malaria,LT,2006,0
malaria,LT,2007,4
malaria,LT,2008,3
malaria,LT,2009,3
malaria,LT,2010,3
malaria,LT,2011,3
malaria,LT,2012,6
malaria,LT,2013,8
malaria,LT,2014,5
malaria,LT,2015,8
malaria,LT,2016,3
malaria,LT,2017,6
malaria,LT,2018,6
malaria,LT,2019,7
malaria,LT,2020,0
malaria,LT,2021,3
malaria,LT,2022,4
malaria,LT,2023,11
malaria,LT,2024,10
malaria,LV,2006,4
malaria,LV,2007,3
malaria,LV,2008,2
malaria,LV,2009,6
malaria,LV,2010,5
malaria,LV,2011,4
malaria,LV,2012,3
malaria,LV,2013,4
malaria,LV,2014,6
malaria,LV,2015,1
malaria,LV,2016,3
malaria,LV,2017,1
malaria,LV,2018,4
malaria,LV,2019,4
malaria,LV,2020,0
malaria,LV,2021,0
malaria,LV,2022,0
malaria,LV,2023,3
malaria,MT,2006,1
malaria,MT,2007,3
malaria,MT,2008,3
malaria,MT,2009,1
malaria,MT,2010,0
malaria,MT,2011,1
malaria,MT,2012,2
malaria,MT,2013,5
malaria,MT,2014,3
malaria,MT,2015,7
malaria,MT,2016,7
malaria,MT,2017,12
malaria,MT,2018,7
malaria,MT,2019,20
malaria,MT,2020,1
malaria,MT,2021,4
malaria,MT,2022,4
malaria,MT,2023,18
malaria,MT,2024,13
malaria,NL,2006,250
malaria,NL,2007,210
malaria,NL,2008,229
malaria,NL,2009,237
malaria,NL,2010,247
malaria,NL,2011,253
malaria,NL,2012,194
malaria,NL,2013,162
malaria,NL,2014,276
malaria,NL,2015,680
malaria,NL,2016,245
malaria,NL,2017,202
malaria,NL,2018,252
malaria,NL,2019,180
malaria,NL,2020,68
malaria,NL,2021,150
malaria,NL,2022,204
malaria,NL,2023,246
malaria,NL,2024,200
malaria,NO,2006,44
malaria,NO,2007,28
malaria,NO,2008,32
malaria,NO,2009,34
malaria,NO,2010,37
malaria,NO,2011,30
malaria,NO,2012,37
malaria,NO,2013,72
malaria,NO,2014,120
malaria,NO,2015,94
malaria,NO,2016,75
malaria,NO,2017,61
malaria,NO,2018,54
malaria,NO,2019,196
malaria,NO,2020,48
malaria,NO,2021,68
malaria,NO,2022,60
malaria,NO,2023,66
malaria,NO,2024,71
malaria,PT,2006,48
malaria,PT,2007,43
malaria,PT,2008,42
malaria,PT,2009,44
malaria,PT,2010,50
malaria,PT,2011,67
malaria,PT,2012,71
malaria,PT,2013,117
malaria,PT,2014,144
malaria,PT,2015,194
malaria,PT,2016,197
malaria,PT,2017,92
malaria,PT,2018,102
malaria,PT,2019,116
malaria,PT,2020,59
malaria,PT,2021,79
malaria,PT,2022,81
malaria,PT,2023,151
malaria,PT,2024,65
malaria,RO,2006,16
malaria,RO,2007,24
malaria,RO,2008,13
malaria,RO,2009,12
malaria,RO,2010,19
malaria,RO,2011,40
malaria,RO,2012,32
malaria,RO,2013,43
malaria,RO,2014,47
malaria,RO,2015,30
malaria,RO,2016,21
malaria,RO,2017,15
malaria,RO,2018,18
malaria,RO,2019,22
malaria,RO,2020,2
malaria,RO,2021,7
malaria,RO,2022,25
malaria,RO,2023,33
malaria,RO,2024,44
malaria,SE,2006,93
malaria,SE,2007,89
malaria,SE,2008,91
malaria,SE,2009,81
malaria,SE,2010,118
malaria,SE,2011,95
malaria,SE,2012,85
malaria,SE,2013,119
malaria,SE,2014,354
malaria,SE,2015,250
malaria,SE,2016,154
malaria,SE,2017,150
malaria,SE,2018,189
malaria,SE,2019,205
malaria,SE,2020,138
malaria,SE,2021,144
malaria,SE,2022,158
malaria,SE,2023,145
malaria,SE,2024,122
malaria,SI,2006,3
malaria,SI,2007,9
malaria,SI,2008,3
malaria,SI,2009,7
malaria,SI,2010,9
malaria,SI,2011,6
malaria,SI,2012,7
malaria,SI,2013,3
malaria,SI,2014,7
malaria,SI,2015,5
malaria,SI,2016,6
malaria,SI,2017,11
malaria,SI,2018,3
malaria,SI,2019,6
malaria,SI,2020,2
malaria,SI,2021,3
malaria,SI,2022,9
malaria,SI,2023,11
malaria,SI,2024,9
malaria,SK,2006,10
malaria,SK,2007,1
malaria,SK,2008,2
malaria,SK,2009,0
malaria,SK,2010,2
malaria,SK,2011,1
malaria,SK,2012,6
malaria,SK,2013,4
malaria,SK,2014,5
malaria,SK,2015,0
malaria,SK,2016,4
malaria,SK,2017,0
malaria,SK,2018,3
malaria,SK,2019,6
malaria,SK,2020,2
malaria,SK,2021,5
malaria,SK,2022,2
malaria,SK,2023,9
malaria,SK,2024,6
malaria,UK,2006,1758
malaria,UK,2007,1548
malaria,UK,2008,1371
malaria,UK,2009,1495
malaria,UK,2010,1761
malaria,UK,2011,1677
malaria,UK,2012,1378
malaria,UK,2013,1501
malaria,UK,2014,1510
malaria,UK,2015,1397
malaria,UK,2016,1574
malaria,UK,2017,1810
malaria,UK,2018,1669
malaria,UK,2019,1706
malaria,IS,2007,1
malaria,IS,2016,2
malaria,IS,2017,3
malaria,IS,2018,3
malaria,IS,2019,4
malaria,IS,2020,0
malaria,IS,2021,7
malaria,IS,2022,5
malaria,IS,2023,7
malaria,IS,2024,4
malaria,FR,2008,2246
malaria,FR,2009,2199
malaria,FR,2010,2439
malaria,FR,2011,1891
malaria,FR,2012,1851
malaria,FR,2013,2165
malaria,FR,2014,2299
malaria,FR,2015,2504
malaria,FR,2016,2447
malaria,FR,2017,2712
malaria,FR,2018,2840
malaria,FR,2019,2839
malaria,FR,2020,1007
malaria,FR,2021,2321
malaria,FR,2022,2783
malaria,FR,2023,3013
malaria,FR,2024,3104
malaria,DK,2011,74
malaria,DK,2012,67
malaria,DK,2013,63
malaria,DK,2014,102
malaria,DK,2015,101
malaria,DK,2016,102
malaria,DK,2017,94
malaria,DK,2018,64
malaria,DK,2019,71
malaria,DK,2020,32
malaria,DK,2021,39
malaria,DK,2022,67
malaria,DK,2023,70
malaria,DK,2024,63
malaria,HR,2012,23
malaria,HR,2013,0
malaria,HR,2014,6
malaria,HR,2015,7
malaria,HR,2016,4
malaria,HR,2017,10
malaria,HR,2018,2
malaria,HR,2019,3
malaria,HR,2020,0
malaria,HR,2022,1
malaria,HR,2023,6
malaria,HR,2024,8
malaria,LI,2021,0
malaria,LI,2022,1
malaria,LI,2023,0
malaria,LI,2024,1
