nuts3_id,water_area_km2,water_bodies_count,water_pct
AL011,11.69,1,0.47
AL012,2.86,2,0.41
AL013,91.77,1,3.98
AL014,3.81,2,0.23
AL015,254.49,6,7.26
AL021,6.49,4,0.21
AL022,0.68,1,0.04
AL031,0.01,1,0.0
AL032,20.69,6,1.04
AL034,92.72,3,2.49
AL035,18.81,3,0.75
AT112,142.1,5,8.01
AT121,1.81,2,0.05
AT123,1.71,2,0.15
AT124,10.76,7,0.24
AT126,18.77,8,0.7
AT127,15.98,3,1.04
AT211,26.59,7,1.31
AT212,25.54,4,0.64
AT213,8.16,2,0.24
AT222,5.36,3,0.16
AT311,9.52,2,0.34
AT312,0.81,1,0.05
AT313,0.13,1,0.0
AT314,0.46,1,0.02
AT315,86.12,7,3.46
AT322,6.71,3,0.15
AT323,29.52,11,1.58
AT331,6.16,4,0.48
AT335,7.38,2,0.18
AT341,0.74,1,0.04
AT342,58.21,1,7.41
BE211,20.41,1,2.02
BE212,0.33,1,0.07
BE213,1.0,1,0.07
BE232,0.75,1,0.2
BE234,2.71,4,0.25
BE236,4.94,1,1.03
BE251,0.51,1,0.08
BE252,0.72,1,0.23
BE255,0.59,1,0.19
BE323,0.54,1,0.1
BE328,0.65,1,0.09
BE32D,1.76,2,0.22
BE335,2.45,2,0.2
BE336,2.18,2,0.27
BE342,1.26,1,0.11
BE345,0.74,1,0.09
BE353,7.93,1,0.8
BG311,46.82,3,1.49
BG312,19.05,2,0.54
BG313,7.46,1,0.21
BG314,24.05,5,0.53
BG315,3.37,2,0.08
BG321,21.81,2,0.48
BG322,1.7,2,0.09
BG323,53.28,1,1.78
BG324,2.19,1,0.1
BG325,30.18,3,1.02
BG331,17.42,2,0.47
BG332,2.8,2,0.06
BG333,1.63,2,0.05
BG334,1.59,3,0.06
BG341,66.53,4,0.83
BG342,2.45,2,0.07
BG343,7.2,2,0.21
BG344,22.25,9,0.42
BG411,15.76,3,1.3
BG412,20.02,3,0.28
BG413,5.97,3,0.09
BG414,2.27,2,0.09
BG421,17.93,10,0.31
BG422,42.54,13,0.76
BG423,40.72,6,0.91
BG424,5.86,1,0.18
BG425,38.54,2,1.2
CH011,456.45,5,14.33
CH012,8.85,4,0.17
CH013,33.11,1,14.36
CH021,112.87,9,1.85
CH022,68.32,4,3.98
CH024,98.48,2,12.28
CH033,9.26,1,0.63
CH040,70.67,4,3.96
CH052,2.11,1,0.97
CH055,83.43,3,3.89
CH056,7.94,4,0.11
CH057,49.76,1,5.76
CH061,62.13,6,4.25
CH062,15.67,1,1.44
CH063,43.11,7,4.99
CH064,8.45,2,1.92
CH065,37.45,2,13.43
CH066,32.28,2,14.93
CH070,73.6,5,2.61
CY000,31.72,19,0.34
CZ020,28.36,18,0.26
CZ031,150.82,95,1.48
CZ032,19.31,16,0.25
CZ041,14.5,6,0.43
CZ042,21.8,6,0.41
CZ051,6.49,3,0.21
CZ052,1.45,3,0.03
CZ053,4.52,8,0.1
CZ063,14.37,16,0.21
CZ064,11.32,4,0.16
CZ071,0.81,1,0.02
CZ072,0.5,1,0.01
CZ080,3.61,2,0.07
DE111,0.71,1,0.43
DE11C,0.6,1,0.1
DE122,2.79,2,2.29
DE123,1.03,3,0.09
DE124,3.24,4,0.44
DE12C,0.8,1,0.09
DE132,4.85,3,0.36
DE134,1.3,2,0.07
DE138,69.85,3,7.89
DE139,0.11,1,0.01
DE13A,6.04,1,0.56
DE145,0.58,1,0.04
DE146,1.47,1,0.11
DE147,269.04,1,27.83
DE148,1.59,2,0.09
DE149,1.37,3,0.11
DE212,1.4,1,0.49
DE214,2.15,1,0.4
DE215,4.5,2,0.56
DE216,23.53,4,2.19
DE218,0.41,3,0.08
DE21A,1.29,2,0.15
DE21B,0.73,1,0.09
DE21D,11.59,4,1.17
DE21E,39.12,1,4.79
DE21F,11.04,3,1.31
DE21H,3.46,2,0.47
DE21I,0.29,1,0.04
DE21J,0.57,1,0.07
DE21K,25.45,9,1.74
DE21L,61.76,4,13.68
DE21M,75.99,3,4.94
DE21N,6.38,5,0.6
DE226,0.22,1,0.02
DE227,4.73,4,0.35
DE22A,6.88,3,0.55
DE22C,0.87,1,0.09
DE234,0.21,1,0.02
DE235,1.84,4,0.12
DE237,1.11,2,0.08
DE238,0.79,2,0.05
DE239,4.44,4,0.3
DE23A,3.76,7,0.39
DE245,0.7,1,0.06
DE246,0.03,1,0.0
DE249,1.13,1,0.12
DE24A,1.76,1,0.26
DE24B,0.36,1,0.06
DE24C,1.08,2,0.23
DE24D,0.81,2,0.14
DE267,0.58,1,0.06
DE268,0.4,1,0.06
DE26B,0.45,1,0.05
DE275,1.61,1,0.19
DE277,1.44,2,0.18
DE278,0.25,1,0.03
DE27A,20.86,1,6.45
DE27B,24.95,5,1.86
DE27D,0.55,1,0.04
DE27E,2.98,3,0.2
DE300,35.1,5,4.02
DE401,18.47,2,22.15
DE402,0.99,4,0.58
DE403,1.57,1,1.24
DE404,15.36,7,9.35
DE405,38.33,16,2.54
DE406,54.15,27,2.31
DE407,4.67,5,0.25
DE408,13.67,7,0.78
DE409,13.72,14,0.67
DE40A,26.36,24,1.4
DE40B,14.45,12,1.17
DE40C,49.83,29,2.14
DE40D,51.04,38,1.99
DE40E,57.12,16,2.13
DE40F,15.16,2,0.73
DE40G,23.79,16,1.47
DE40H,10.88,9,0.54
DE40I,74.52,52,2.49
DE501,9.16,1,2.68
DE600,27.46,3,3.61
DE714,5.48,1,3.56
DE715,0.71,1,0.1
DE717,12.99,1,2.68
DE71D,4.2,1,0.55
DE71E,0.49,1,0.05
DE722,0.7,1,0.06
DE725,0.99,3,0.07
DE736,15.2,4,0.81
DE737,0.82,1,0.08
DE804,22.65,5,20.54
DE80J,385.68,112,6.89
DE80K,48.76,24,1.43
DE80L,30.0,3,1.0
DE80M,42.42,18,2.08
DE80N,28.75,17,0.73
DE80O,112.69,36,2.34
DE912,1.64,3,0.67
DE916,11.47,9,1.09
DE91B,0.25,1,0.04
DE91C,4.75,4,0.28
DE922,12.57,1,0.61
DE928,0.69,1,0.09
DE929,28.39,2,1.2
DE931,4.97,2,0.33
DE932,10.3,6,0.5
DE933,6.09,1,0.47
DE934,16.42,1,1.25
DE935,14.51,1,1.15
DE936,4.17,1,0.7
DE942,0.92,1,0.87
DE946,5.05,1,0.65
DE947,7.13,3,0.6
DE948,1.52,2,0.11
DE94C,10.52,2,0.93
DE94D,1.38,1,0.13
DE94E,1.19,1,0.06
DE94G,4.6,1,0.53
DEA11,8.93,1,4.79
DEA12,11.86,2,5.66
DEA13,1.93,1,0.91
DEA14,1.77,1,1.59
DEA1B,19.97,3,1.54
DEA1C,3.29,2,0.71
DEA1D,5.85,1,1.03
DEA1E,1.27,2,0.22
DEA1F,17.07,3,1.61
DEA22,5.13,1,3.72
DEA23,12.43,1,3.01
DEA24,0.35,1,0.61
DEA26,8.47,4,0.92
DEA27,0.43,1,0.06
DEA28,5.01,4,0.36
DEA2A,12.07,7,1.3
DEA2B,1.82,2,0.4
DEA2C,11.8,2,1.06
DEA2D,3.27,2,0.44
DEA35,0.79,2,0.07
DEA36,2.71,2,0.35
DEA42,0.37,1,0.04
DEA47,1.56,1,0.12
DEA52,0.34,1,0.15
DEA53,0.34,1,0.28
DEA56,4.18,4,0.9
DEA57,5.75,3,0.29
DEA58,4.61,3,0.44
DEA59,6.74,2,1.01
DEA5A,2.31,2,0.2
DEA5B,9.53,1,0.71
DEB11,5.43,1,4.92
DEB12,3.24,1,0.44
DEB15,0.47,1,0.06
DEB17,15.25,2,1.74
DEB18,5.13,1,0.91
DEB1A,7.26,1,0.94
DEB1B,2.37,3,0.23
DEB1D,5.51,1,0.57
DEB25,1.09,2,0.1
DEB39,5.49,1,4.99
DEB3B,0.7,1,0.11
DEB3E,4.1,1,0.93
DEB3I,2.07,2,0.67
DEB3J,20.3,1,2.9
DEC06,1.25,1,0.27
DED21,0.45,1,0.16
DED2C,34.93,25,1.45
DED2D,21.5,25,0.99
DED2E,6.43,13,0.44
DED2F,5.27,4,0.32
DED42,7.75,5,0.43
DED43,4.12,3,0.19
DED44,8.7,5,0.6
DED45,1.49,3,0.15
DED52,11.51,15,0.74
DED53,3.16,6,0.16
DEE02,0.88,1,0.85
DEE04,4.94,1,0.22
DEE05,8.81,6,0.59
DEE06,0.57,2,0.04
DEE07,1.7,1,0.07
DEE08,2.25,4,0.15
DEE09,8.89,3,0.42
DEE0A,9.83,3,0.64
DEE0B,6.05,5,0.41
DEE0C,1.19,2,0.08
DEE0D,12.28,4,0.51
DEE0E,3.51,5,0.17
DEF02,0.0,1,0.0
DEF03,3.15,2,1.4
DEF05,6.12,1,0.42
DEF06,39.4,11,3.03
DEF07,10.29,4,0.52
DEF08,19.24,14,1.5
DEF0A,94.74,27,8.97
DEF0B,42.39,19,1.93
DEF0C,48.54,8,2.45
DEF0D,9.52,8,0.74
DEF0F,1.73,3,0.21
DEG07,0.22,1,0.03
DEG0C,3.76,3,0.42
DEG0E,1.11,1,0.12
DEG0K,12.63,6,1.15
DEG0L,5.01,4,0.61
DEG0M,2.2,2,0.39
DEG0Q,0.57,1,0.04
DEG0U,6.15,2,0.59
DK011,0.8,1,0.48
DK012,2.29,4,0.75
DK013,71.2,10,4.87
DK021,1.69,3,0.19
DK022,59.29,17,0.95
DK031,6.81,7,0.2
DK032,18.21,19,0.21
DK041,254.31,26,3.58
DK042,104.85,28,1.69
DK050,447.06,16,5.45
EE001,18.49,7,0.41
EE004,66.62,21,0.61
EE008,1463.99,46,8.56
EE009,2.5,4,0.03
EE00A,514.31,7,14.73
EL305,4.27,1,0.28
EL511,7.49,4,0.18
EL512,17.64,4,0.98
EL513,34.99,6,1.46
EL515,22.8,6,1.01
EL522,127.53,6,3.39
EL523,41.39,4,1.67
EL524,38.59,1,1.55
EL526,51.17,4,1.32
EL531,82.39,1,1.43
EL532,26.85,1,1.51
EL533,142.18,6,7.34
EL541,31.45,7,1.21
EL543,17.32,1,0.35
EL611,23.26,2,0.38
EL631,203.24,11,3.78
EL632,1.44,1,0.05
EL633,20.13,4,0.75
EL641,24.86,1,0.85
EL642,20.58,2,0.47
EL643,48.41,1,2.71
EL651,3.78,2,0.06
EL652,4.6,2,0.21
ES111,61.32,6,0.8
ES112,47.99,6,0.48
ES113,74.56,12,1.03
ES114,9.03,2,0.21
ES120,16.55,3,0.16
ES130,51.17,3,0.95
ES211,26.38,3,0.86
ES220,72.54,8,0.69
ES230,32.77,7,0.64
ES241,116.16,25,0.75
ES242,53.24,13,0.36
ES243,129.1,22,0.75
ES300,52.05,10,0.65
ES411,31.18,7,0.39
ES412,26.28,7,0.19
ES413,79.34,10,0.51
ES414,37.01,6,0.46
ES415,115.81,8,0.94
ES416,15.77,4,0.23
ES417,21.32,2,0.21
ES418,12.84,2,0.16
ES419,190.39,20,1.77
ES421,71.44,13,0.48
ES422,38.74,11,0.2
ES423,155.19,8,0.91
ES424,98.71,6,0.81
ES425,55.9,11,0.37
ES431,328.1,18,1.49
ES432,473.94,15,2.39
ES511,18.66,3,0.24
ES512,19.1,6,0.32
ES513,90.43,19,0.74
ES514,37.32,6,0.59
ES521,41.84,5,0.71
ES522,13.42,4,0.2
ES523,107.71,10,1.01
ES531,2.55,1,0.39
ES532,0.1,1,0.0
ES533,0.79,1,0.12
ES611,1.47,2,0.02
ES612,52.94,6,0.72
ES613,107.7,13,0.78
ES614,33.53,5,0.26
ES615,49.85,10,0.49
ES616,113.27,9,0.83
ES617,31.36,4,0.42
ES618,33.47,6,0.24
ES620,32.42,5,0.29
FI196,387.16,50,4.62
FI198,2667.76,232,13.99
FI199,418.19,76,2.92
FI19A,47.82,34,0.61
FI19B,1986.45,144,12.73
FI1B1,393.92,109,3.92
FI1C1,106.32,39,0.89
FI1C2,396.77,77,6.99
FI1C5,1419.76,146,20.93
FI1C6,1126.37,83,16.19
FI1C7,346.77,86,6.74
FI1D5,117.16,30,2.23
FI1D7,4534.92,694,4.57
FI1D8,2032.12,353,8.98
FI1D9,1640.23,331,4.17
FI1DA,3985.56,260,23.52
FI1DB,3459.86,247,16.55
FI1DC,3701.95,242,16.1
FI200,17.94,14,0.87
FR101,3.1,1,6.2
FR102,19.52,3,0.32
FR103,35.32,4,1.52
FR104,12.47,1,0.68
FR105,6.59,1,4.05
FR106,3.42,1,1.17
FR107,5.15,1,2.2
FR108,11.3,3,0.9
FRB01,37.59,6,0.51
FRB02,0.73,1,0.01
FRB03,10.11,13,0.15
FRB04,45.99,5,0.76
FRB05,23.18,3,0.35
FRB06,51.4,9,0.74
FRC11,10.11,11,0.12
FRC12,59.98,10,0.87
FRC13,23.81,15,0.27
FRC14,6.71,7,0.09
FRC21,4.71,2,0.09
FRC22,6.15,5,0.12
FRC23,1.75,3,0.03
FRC24,0.19,1,0.03
FRD11,0.9,1,0.02
FRD12,0.74,1,0.01
FRD13,1.03,2,0.02
FRD21,30.55,4,0.51
FRD22,48.16,1,0.78
FRE11,7.1,7,0.12
FRE12,1.06,2,0.02
FRE21,4.42,7,0.06
FRE23,6.07,8,0.1
FRF11,9.31,3,0.19
FRF12,14.86,2,0.42
FRF21,3.82,4,0.07
FRF22,24.04,2,0.39
FRF23,22.16,2,0.27
FRF24,27.48,4,0.44
FRF31,5.78,3,0.11
FRF32,15.74,7,0.25
FRF33,32.6,22,0.52
FRF34,3.19,3,0.05
FRG01,104.33,12,1.53
FRG02,72.9,4,1.0
FRG03,7.39,9,0.14
FRG04,1.47,3,0.02
FRG05,10.28,3,0.15
FRH01,26.27,12,0.38
FRH02,19.32,9,0.31
FRH03,40.2,32,0.57
FRH04,23.36,6,0.34
FRI11,6.54,3,0.07
FRI12,196.38,10,1.94
FRI13,92.79,21,0.99
FRI14,32.7,7,0.6
FRI15,10.14,5,0.13
FRI21,31.42,11,0.54
FRI22,23.8,12,0.42
FRI23,6.88,5,0.13
FRI31,0.63,1,0.01
FRI33,0.51,1,0.01
FRI34,4.07,7,0.06
FRJ11,55.3,6,0.86
FRJ12,82.16,13,1.4
FRJ13,136.89,9,2.16
FRJ14,2.36,1,0.05
FRJ15,40.85,5,0.97
FRJ21,0.0,1,0.0
FRJ22,37.83,10,0.43
FRJ23,16.75,2,0.26
FRJ26,0.7,2,0.02
FRJ27,9.95,3,0.18
FRJ28,22.84,3,0.6
FRK11,35.19,9,0.48
FRK12,34.22,6,0.58
FRK13,6.07,1,0.12
FRK14,17.93,7,0.22
FRK21,17.76,10,0.31
FRK22,21.7,9,0.39
FRK23,4.93,4,0.07
FRK24,22.55,10,0.28
FRK25,2.76,4,0.06
FRK26,5.18,3,0.16
FRK27,49.72,5,0.79
FRK28,170.19,2,3.57
FRL01,32.7,11,0.46
FRL02,43.48,5,0.76
FRL04,360.42,27,6.82
FRL05,4.3,2,0.07
FRL06,26.36,3,0.74
FRM02,10.24,3,0.21
HR021,6.21,3,0.23
HR022,11.28,2,0.57
HR024,10.99,4,0.54
HR025,67.1,29,1.6
HR026,40.36,7,1.6
HR027,1.35,1,0.04
HR028,1.42,1,0.03
HR031,5.64,2,0.15
HR032,16.42,3,0.31
HR033,57.54,3,1.65
HR034,33.79,4,1.11
HR035,23.45,2,0.53
HR037,2.83,4,0.2
HR050,3.82,4,0.66
HR063,5.51,2,0.3
HR065,15.75,3,0.49
HU110,15.24,1,2.91
HU120,83.5,11,1.31
HU211,41.01,5,0.93
HU212,55.79,5,2.31
HU213,302.23,1,6.61
HU221,57.19,5,1.38
HU223,47.46,2,1.28
HU231,36.76,11,0.83
HU232,245.71,9,4.07
HU233,33.38,9,0.93
HU311,30.96,4,0.44
HU312,49.57,1,1.34
HU321,24.95,11,0.39
HU322,66.23,4,1.21
HU323,1.38,2,0.02
HU331,101.28,18,1.19
HU332,1.45,1,0.03
HU333,21.47,8,0.49
IE041,238.9,119,2.1
IE042,566.59,114,3.99
IE051,121.71,30,1.18
IE052,28.76,10,0.4
IE053,71.08,26,0.59
IE061,0.49,1,0.06
IE062,42.6,11,0.6
IE063,137.17,25,2.08
IS001,6.14,5,0.61
IS002,1441.83,487,1.41
ITC11,15.62,7,0.22
ITC12,6.69,1,0.32
ITC13,5.16,1,0.63
ITC14,94.9,3,4.12
ITC15,39.13,3,2.87
ITC17,4.19,1,0.28
ITC18,38.77,4,1.12
ITC20,0.19,1,0.01
ITC33,7.15,5,0.37
ITC41,79.6,6,6.74
ITC42,138.88,4,10.66
ITC43,31.3,5,4.01
ITC44,14.97,8,0.45
ITC46,24.09,3,0.89
ITC47,263.09,4,5.59
ITC48,95.01,1,3.31
ITC49,26.36,4,3.76
ITC4A,61.49,4,3.28
ITC4B,60.4,2,2.53
ITC4C,21.96,2,1.33
ITF11,13.15,2,0.26
ITF13,5.38,1,0.45
ITF14,10.37,4,0.42
ITF22,49.6,3,1.69
ITF31,7.37,2,0.27
ITF32,4.28,1,0.21
ITF35,0.42,1,0.01
ITF43,18.29,1,0.76
ITF45,0.91,2,0.03
ITF46,123.11,7,1.77
ITF51,33.96,3,0.5
ITF52,53.25,3,1.58
ITF61,25.6,3,0.38
ITF62,0.0,1,0.0
ITF63,0.04,1,0.0
ITG11,6.63,1,0.27
ITG12,12.41,4,0.25
ITG13,2.19,1,0.07
ITG14,4.78,2,0.16
ITG15,0.88,1,0.04
ITG16,8.03,2,0.32
ITG17,11.29,1,0.32
ITG18,2.07,2,0.14
ITG19,3.39,2,0.15
ITG2D,24.78,7,0.32
ITG2E,5.66,2,0.1
ITG2F,28.67,4,2.25
ITG2G,55.73,8,1.92
ITG2H,24.66,6,0.37
ITH10,8.46,3,0.11
ITH20,39.19,10,0.65
ITH31,140.9,8,4.6
ITH33,22.42,6,0.6
ITH34,34.64,4,1.37
ITH35,42.82,9,2.01
ITH36,3.46,2,0.16
ITH37,82.99,20,4.56
ITH41,12.33,3,0.56
ITH42,10.97,9,0.21
ITH43,4.14,2,1.28
ITH51,32.22,3,1.22
ITH52,26.14,5,0.76
ITH53,14.85,3,0.65
ITH55,2.12,3,0.06
ITH56,134.28,11,4.89
ITH57,17.7,3,0.96
ITI12,15.37,2,0.87
ITI19,1.43,2,0.04
ITI1A,21.04,3,0.45
ITI21,122.56,2,1.91
ITI22,17.43,3,0.83
ITI41,127.1,3,3.59
ITI42,15.49,5,0.57
ITI43,62.87,4,1.15
ITI44,15.74,6,0.68
ITI45,0.84,1,0.03
LT011,99.89,82,1.03
LT021,130.79,54,2.46
LT022,93.14,12,1.13
LT023,23.1,4,0.48
LT024,18.41,8,0.42
LT025,32.9,16,0.42
LT026,17.07,12,0.2
LT027,32.9,8,0.75
LT028,47.14,15,1.09
LT029,359.5,138,5.01
LU000,1.52,3,0.06
LV005,441.22,122,3.03
LV009,64.77,19,0.6
LV00A,119.71,13,3.41
LV00B,212.72,28,1.32
LV00C,217.44,57,1.1
ME000,292.39,12,2.1
MK001,0.83,1,0.02
MK003,299.23,2,8.33
MK004,23.36,2,0.85
MK005,196.13,1,4.03
MK006,11.99,1,0.5
NL112,1.56,2,0.81
NL114,0.62,1,0.08
NL115,19.52,6,1.33
NL126,3.47,5,0.36
NL127,36.73,10,2.64
NL128,513.7,21,34.68
NL131,0.36,2,0.04
NL211,53.97,9,3.35
NL221,45.14,3,2.32
NL224,30.38,2,4.18
NL226,30.3,2,3.56
NL230,980.75,4,42.96
NL321,396.96,4,25.07
NL323,2.92,2,1.67
NL325,6.33,2,6.25
NL327,65.02,12,25.31
NL328,4.2,2,1.18
NL32A,0.53,1,0.5
NL32B,101.42,11,11.3
NL341,4.04,5,0.66
NL342,16.74,1,1.45
NL350,46.44,12,2.85
NL361,1.28,1,0.47
NL363,11.11,3,3.42
NL364,47.02,2,10.94
NL365,16.51,10,3.27
NL366,67.36,6,4.6
NL411,30.04,1,2.38
NL414,2.93,4,0.19
NL415,22.19,3,2.62
NL416,9.55,4,0.71
NL421,2.07,4,0.24
NL422,15.91,6,2.3
NO020,1808.89,355,3.47
NO060,1499.44,367,3.48
NO071,1135.13,336,2.84
NO072,408.18,164,1.5
NO073,975.33,506,1.98
NO081,11.83,7,2.47
NO083,274.09,41,6.71
NO084,279.08,53,4.49
NO085,601.95,123,4.14
NO092,570.96,288,3.43
NO093,56.78,16,2.65
NO094,886.34,189,5.81
NO0A1,333.35,151,3.46
NO0A2,734.53,377,2.03
NO0A3,192.33,109,1.27
NO0B1,7.16,3,1.52
PL217,1.53,2,0.06
PL218,12.11,1,0.35
PL219,0.63,2,0.02
PL21A,1.88,1,0.1
PL224,0.48,1,0.02
PL225,22.91,3,0.95
PL228,3.38,1,0.21
PL229,0.64,1,0.08
PL22C,13.66,2,1.43
PL411,70.5,42,1.1
PL414,89.97,37,1.4
PL415,3.28,2,1.33
PL416,4.49,7,0.08
PL417,61.95,55,1.03
PL418,40.87,36,0.83
PL424,57.16,2,24.23
PL426,27.6,17,0.64
PL427,312.24,168,3.03
PL428,154.08,56,1.99
PL431,69.59,58,1.13
PL432,45.31,36,0.58
PL515,17.95,15,0.32
PL516,9.79,5,0.28
PL518,23.73,17,0.37
PL523,31.45,2,0.77
PL524,39.11,5,0.74
PL613,51.37,14,1.82
PL616,87.44,56,2.13
PL617,87.21,49,2.19
PL618,64.09,46,1.9
PL619,108.73,32,2.92
PL621,215.46,78,2.92
PL622,320.07,117,3.07
PL623,477.51,73,7.61
PL633,1.39,2,0.31
PL634,63.99,36,1.53
PL636,152.91,49,2.85
PL637,137.81,61,3.37
PL638,83.8,33,2.04
PL713,1.52,4,0.03
PL714,0.02,1,0.0
PL715,10.16,4,0.24
PL721,1.49,4,0.03
PL722,18.7,9,0.28
PL811,15.32,10,0.25
PL812,8.5,8,0.09
PL814,21.91,21,0.53
PL815,68.33,19,1.25
PL821,12.55,2,0.22
PL822,1.91,2,0.04
PL823,0.8,1,0.02
PL824,10.37,8,0.23
PL841,2.92,4,0.06
PL842,0.63,2,0.01
PL843,128.71,52,2.04
PL911,16.37,1,3.54
PL912,32.05,3,1.0
PL913,43.02,3,1.73
PL921,41.91,5,0.72
PL922,18.03,5,0.34
PL923,78.68,11,2.39
PL924,1.67,2,0.03
PL925,24.73,2,0.41
PL926,16.9,4,0.69
PT111,15.83,1,0.71
PT112,8.42,2,0.68
PT119,5.89,2,0.4
PT11A,14.11,1,0.65
PT11B,39.07,6,1.36
PT11C,3.77,1,0.22
PT11D,6.52,2,0.16
PT11E,4.72,3,0.09
PT150,12.94,3,0.26
PT191,21.74,3,1.39
PT192,42.99,5,0.98
PT193,0.94,1,0.04
PT194,12.38,1,0.39
PT195,54.35,6,1.03
PT196,0.42,1,0.01
PT1B0,2.18,2,0.15
PT1C1,52.0,8,0.99
PT1C2,88.22,9,1.03
PT1C3,99.71,7,1.67
PT1C4,212.77,8,2.82
PT1D2,39.95,2,1.55
PT1D3,1.41,1,0.03
RO114,0.73,1,0.01
RO124,2.42,1,0.04
RO125,0.89,1,0.01
RO212,38.65,16,0.75
RO213,4.18,5,0.08
RO214,28.46,1,0.49
RO216,4.02,2,0.07
RO221,183.74,26,3.85
RO222,11.44,3,0.19
RO223,353.11,23,4.91
RO224,72.0,11,1.64
RO225,1011.86,86,12.06
RO226,2.97,3,0.06
RO311,11.24,1,0.17
RO312,156.76,8,3.05
RO313,7.8,1,0.19
RO314,37.53,1,1.07
RO315,77.43,11,1.72
RO317,109.48,9,1.9
RO321,0.29,1,0.12
RO322,9.33,4,0.64
RO411,204.34,16,2.75
RO413,104.39,7,2.11
RO414,91.71,6,1.64
RO421,0.79,1,0.01
RO422,50.58,2,0.6
RO423,1.38,1,0.02
RS110,86.58,1,2.65
RS121,23.5,6,1.02
RS122,45.08,2,1.1
RS123,71.7,3,1.85
RS124,0.58,1,0.02
RS125,9.04,2,0.5
RS126,21.43,6,0.66
RS127,75.82,1,2.11
RS211,9.56,2,0.16
RS213,29.61,1,0.91
RS221,68.09,2,1.91
RS222,35.08,1,0.93
RS227,9.05,2,0.73
RS228,14.07,1,0.4
SE110,733.17,124,9.21
SE121,522.9,82,5.97
SE122,985.35,117,13.98
SE123,1495.02,159,11.98
SE124,934.29,152,9.76
SE125,480.4,60,8.53
SE211,1160.26,193,9.74
SE212,915.04,171,9.9
SE213,460.47,203,3.93
SE214,9.54,7,0.3
SE221,43.79,40,1.46
SE224,296.92,62,2.65
SE231,169.35,64,2.94
SE232,4694.71,259,16.06
SE311,3975.01,270,18.09
SE312,1529.66,343,5.0
SE313,1069.72,266,5.47
SE321,841.2,299,3.62
SE322,3513.68,541,6.48
SE331,2517.38,597,4.24
SE332,4942.88,828,4.66
SI036,1.25,1,0.14
SI042,4.02,2,0.19
SK010,16.14,2,0.77
SK021,50.4,5,1.25
SK022,5.23,1,0.12
SK023,11.72,4,0.19
SK031,25.34,3,0.37
SK041,19.12,1,0.21
SK042,19.57,1,0.29
TR100,99.79,5,1.96
TR212,22.07,6,0.37
TR213,0.7,1,0.01
TR221,198.54,3,1.33
TR222,4.06,2,0.04
TR310,3.69,4,0.03
TR321,93.44,5,1.16
TR322,154.09,8,1.31
TR323,78.17,6,0.59
TR331,98.54,3,0.74
TR332,490.55,12,3.5
TR333,15.99,3,0.14
TR334,13.66,1,0.24
TR411,447.39,3,4.17
TR412,60.45,11,0.44
TR421,16.73,1,0.46
TR422,36.21,6,0.76
TR423,4.28,1,0.17
TR424,3.57,3,0.04
TR510,695.63,11,2.7
TR521,1374.71,24,3.37
TR522,1.22,1,0.01
TR611,21.57,9,0.11
TR612,680.88,6,7.83
TR613,360.57,17,4.87
TR621,136.13,9,0.98
TR622,11.87,1,0.07
TR631,62.53,2,1.12
TR632,30.27,5,0.21
TR633,62.19,2,1.84
TR712,258.58,5,3.27
TR715,162.69,3,2.48
TR721,37.18,4,0.21
TR722,69.85,4,0.25
TR823,0.95,1,0.02
TR831,136.7,7,1.39
TR832,66.05,1,0.64
TR833,0.87,1,0.01
TRA11,7.99,1,0.03
TRA12,18.84,1,0.16
TRA21,47.57,4,0.41
TRA22,35.47,5,0.35
TRA23,0.22,1,0.01
TRA24,109.6,2,2.2
TRB11,286.54,3,2.31
TRB12,459.61,5,4.97
TRB14,256.58,2,3.37
TRB21,2095.83,10,10.16
TRB22,28.66,5,0.32
TRB23,1630.61,5,20.04
TRC11,10.93,2,0.16
TRC12,178.84,5,2.43
TRC21,126.88,2,0.66
TRC22,189.81,4,1.28
TRC31,9.16,1,0.1
TRC32,260.66,2,5.92
TRC33,28.06,1,0.39
TRC34,137.91,3,2.48
XK001,2.43,1,0.11
